-- phpMyAdmin SQL Dump
-- version 4.1.6
-- http://www.phpmyadmin.net
--
-- Host: 127.0.0.1
-- Generation Time: Mar 08, 2018 at 01:05 PM
-- Server version: 5.6.16
-- PHP Version: 5.5.9

SET SQL_MODE = "NO_AUTO_VALUE_ON_ZERO";
SET time_zone = "+00:00";


/*!40101 SET @OLD_CHARACTER_SET_CLIENT=@@CHARACTER_SET_CLIENT */;
/*!40101 SET @OLD_CHARACTER_SET_RESULTS=@@CHARACTER_SET_RESULTS */;
/*!40101 SET @OLD_COLLATION_CONNECTION=@@COLLATION_CONNECTION */;
/*!40101 SET NAMES utf8 */;

--
-- Database: `doctor_db`
--

-- --------------------------------------------------------

--
-- Table structure for table `allergies`
--

CREATE TABLE IF NOT EXISTS `allergies` (
  `id` int(11) NOT NULL AUTO_INCREMENT,
  `user_id` int(11) NOT NULL,
  `resistant` varchar(512) DEFAULT NULL,
  `reaction` varchar(512) DEFAULT NULL,
  PRIMARY KEY (`id`)
) ENGINE=InnoDB  DEFAULT CHARSET=latin1 AUTO_INCREMENT=34 ;

--
-- Dumping data for table `allergies`
--

INSERT INTO `allergies` (`id`, `user_id`, `resistant`, `reaction`) VALUES
(17, 93, 'asdasd', 'asdassdasd'),
(18, 69, 'Power', 'Gain'),
(20, 69, 'asd', 'asdasd'),
(22, 69, 'asdasd', 'dfgdfg'),
(23, 159, 'Egg', 'Hives'),
(24, 159, 'Perfume', 'Headache'),
(25, 161, 'Resistant', 'Reactions'),
(26, 161, 'nust', 'wcwc'),
(28, 183, 'Nuts 1', 'Swelling 1'),
(29, 183, 'A wonderful serenity has taken possession of my entire soul, like these sweet mornings of spring which I enjoy with my whole heart. I am alone, and feel the charm of existence in this spot, which was created for the bliss of souls like mine. I am so happy, my dear friend, so absorbed in the exquisite sense of mere tranquil existence, that I neglect my talents. I should be incapable of drawing a single stroke at the present moment; and yet I feel that I never was a greater artist than now. When, while the lo', 'A wonderful serenity has taken possession of my entire soul, like these sweet mornings of spring which I enjoy with my whole heart. I am alone, and feel the charm of existence in this spot, which was created for the bliss of souls like mine. I am so happy, my dear friend, so absorbed in the exquisite sense of mere tranquil existence, that I neglect my talents. I should be incapable of drawing a single stroke at the present moment; and yet I feel that I never was a greater artist than now. When, while the lo'),
(30, 178, 'Nut', 'Swelling'),
(31, 188, 'Nuts', 'Nose and lip swelling'),
(32, 188, 'Nuts', 'qwertyuiopasdfghjklzxcvbnmqwertyuiopasdfghjklzxcvnmqwertyuiopasdfghjklzxcvbnm'),
(33, 201, 'Nuts', 'Swelling');

-- --------------------------------------------------------

--
-- Table structure for table `appointments`
--

CREATE TABLE IF NOT EXISTS `appointments` (
  `id` int(11) NOT NULL AUTO_INCREMENT,
  `p_id` int(11) NOT NULL,
  `d_id` int(11) NOT NULL,
  `meeting_approval` tinyint(4) NOT NULL DEFAULT '0',
  `type` enum('schedule','now') NOT NULL DEFAULT 'schedule',
  `brief_description` text,
  `med_taken` varchar(10) DEFAULT NULL,
  `patient` varchar(255) DEFAULT NULL,
  `start_time` datetime DEFAULT NULL,
  `end_time` datetime DEFAULT NULL,
  `longitude` double DEFAULT NULL,
  `latitude` double DEFAULT NULL,
  `created_at` timestamp NOT NULL DEFAULT CURRENT_TIMESTAMP,
  PRIMARY KEY (`id`)
) ENGINE=InnoDB  DEFAULT CHARSET=latin1 AUTO_INCREMENT=262 ;

--
-- Dumping data for table `appointments`
--

INSERT INTO `appointments` (`id`, `p_id`, `d_id`, `meeting_approval`, `type`, `brief_description`, `med_taken`, `patient`, `start_time`, `end_time`, `longitude`, `latitude`, `created_at`) VALUES
(41, 69, 81, 1, 'schedule', 'I am feeling cough and sour throat\r\nI am anxious also', 'yes', 'me', '2016-10-08 02:15:00', '2016-10-07 02:05:00', 67.045492, 24.8570885, '2016-09-30 11:30:40'),
(45, 69, 81, 1, 'now', 'Back Pain', 'yes', 'me', '2016-09-30 15:04:31', '2016-09-30 15:19:31', NULL, NULL, '2016-09-30 12:59:31'),
(46, 69, 81, 1, 'now', 'ddd', 'yes', 'me', '2016-09-30 16:28:17', '2016-09-30 16:43:17', NULL, NULL, '2016-09-30 14:23:17'),
(47, 69, 81, 1, 'now', 'dedede', 'yes', 'me', '2016-09-30 16:56:08', '2016-09-30 17:11:08', NULL, NULL, '2016-09-30 14:51:08'),
(48, 69, 81, 1, 'schedule', 'I am feeling cough and sour throat\r\nI am anxious also', 'yes', 'me', '2016-10-22 02:15:00', '2016-10-22 02:05:00', NULL, NULL, '2016-09-30 11:30:40'),
(49, 69, 81, 1, 'schedule', 'I am feeling cough and sour throat\r\nI am anxious also', 'yes', 'me', '2016-10-23 02:15:00', '2016-10-23 02:05:00', NULL, NULL, '2016-09-30 11:30:40'),
(50, 69, 81, 0, 'schedule', 'yufufv uiujk', 'yes', 'me', '2016-10-21 17:45:00', '2016-10-21 18:00:00', NULL, NULL, '2016-10-21 15:31:31'),
(51, 69, 81, 1, 'now', 'f dfyfyytuuity t', 'yes', 'me,mychild,else', '2016-10-21 15:40:23', '2016-10-21 15:55:23', NULL, NULL, '2016-10-21 15:35:23'),
(52, 69, 81, 0, 'schedule', 'I am weak', 'yes', 'me', '2016-10-21 18:00:00', '2016-10-21 18:15:00', NULL, NULL, '2016-10-21 15:47:34'),
(53, 69, 81, 1, 'now', 'asdasd', 'yes', 'me', '2016-10-21 16:17:26', '2016-10-21 16:32:26', 67.0455921, 24.8574275, '2016-10-21 16:12:26'),
(54, 159, 160, 3, 'now', 'I am unwell', 'Yes', 'me', '2016-10-23 18:54:28', '2016-10-23 19:09:28', 67.1471164, 24.8831331, '2016-10-23 16:49:28'),
(55, 69, 160, 0, 'schedule', 'I am in pain', 'yes', 'me', '2016-10-24 18:00:00', '2016-10-24 18:15:00', NULL, NULL, '2016-10-24 14:07:44'),
(56, 69, 160, 0, 'schedule', 'I have back pain', 'yes', 'someone-else', '2016-10-24 16:45:00', '2016-10-24 17:00:00', NULL, NULL, '2016-10-24 14:27:51'),
(57, 69, 81, 0, 'schedule', 'Point', 'yes', 'me', '2016-10-25 01:00:00', '2016-10-25 01:15:00', NULL, NULL, '2016-10-24 14:28:59'),
(58, 69, 160, 3, 'now', 'Please', 'Yes', 'me', '2016-10-24 16:43:41', '2016-10-24 16:58:41', 67.028334, 24.8184586, '2016-10-24 14:38:41'),
(59, 69, 81, 0, 'schedule', 'Eye problem', 'yes', 'me', '2016-10-25 01:15:00', '2016-10-25 01:30:00', NULL, NULL, '2016-10-25 08:12:45'),
(60, 161, 160, 1, 'now', 'ghj', 'Yes', 'me', '2016-10-25 10:34:54', '2016-10-25 10:49:54', NULL, NULL, '2016-10-25 08:29:54'),
(61, 69, 81, 0, 'schedule', 'I am lost', 'yes', 'me', '2016-10-25 01:30:00', '2016-10-25 01:45:00', NULL, NULL, '2016-10-25 08:51:53'),
(63, 161, 148, 1, 'schedule', 'dowdy', 'yes', 'me', '2016-10-28 01:30:00', '2016-10-28 01:45:00', NULL, NULL, '2016-10-26 06:02:37'),
(64, 69, 81, 3, 'schedule', 'I have a back problem', 'yes', 'me', '2016-11-02 13:00:00', '2016-11-02 13:15:00', 67.0655104, 24.8610234, '2016-11-02 08:42:07'),
(65, 161, 169, 3, 'now', 'Testing 14:30', 'Yes', 'me', '2016-11-02 14:36:25', '2016-11-02 14:51:25', 28.057851799999998, -26.103023200000003, '2016-11-02 12:31:25'),
(66, 161, 169, 3, 'now', 'testing 2: Ishe 2:43', 'Yes', 'me', '2016-11-02 14:49:36', '2016-11-02 15:04:36', 28.0578722, -26.1030347, '2016-11-02 12:44:36'),
(67, 161, 169, 1, 'now', 'testing 2:41 Ishe', 'Yes', 'me', '2016-11-02 14:49:45', '2016-11-02 15:04:45', NULL, NULL, '2016-11-02 12:44:45'),
(68, 161, 169, 1, 'now', 'Testing Windows', 'Yes', 'me', '2016-11-02 15:41:45', '2016-11-02 15:56:45', NULL, NULL, '2016-11-02 13:36:45'),
(69, 161, 169, 1, 'now', 'Testing 3:47', 'Yes', 'me', '2016-11-02 15:53:26', '2016-11-02 16:08:26', NULL, NULL, '2016-11-02 13:48:26'),
(70, 161, 169, 1, 'now', 'Start now 16:13', 'Yes', 'me,child,someone-else', '2016-11-02 16:20:53', '2016-11-02 16:35:53', 28.057859099999998, -26.103017899999998, '2016-11-02 14:15:53'),
(71, 161, 169, 3, 'now', 'Test ... 4:55', 'Yes', 'me', '2016-11-02 17:03:20', '2016-11-02 17:18:20', 28.057844799999998, -26.1030153, '2016-11-02 14:58:20'),
(72, 161, 169, 3, 'now', 'Testing day 2 @12 noon', 'Yes', 'me', '2016-11-03 12:09:31', '2016-11-03 12:24:31', NULL, NULL, '2016-11-03 10:04:31'),
(73, 161, 169, 1, 'now', 'Testing 8 November 2016', 'Yes', 'me', '2016-11-08 12:06:27', '2016-11-08 12:21:27', NULL, NULL, '2016-11-08 10:01:27'),
(74, 161, 169, 3, 'now', 'Testing 8 November 2016', 'Yes', 'me', '2016-11-08 12:06:37', '2016-11-08 12:21:37', 28.0577719, -26.103052599999998, '2016-11-08 10:01:37'),
(75, 161, 169, 1, 'schedule', 'testing', 'yes', 'me', '2016-11-09 08:30:00', '2016-11-09 08:45:00', NULL, NULL, '2016-11-08 10:21:57'),
(76, 161, 168, 0, 'schedule', 'Error here psychologist could go for longer than 15 mins.', 'yes', 'me', '2016-11-08 16:00:00', '2016-11-08 16:15:00', NULL, NULL, '2016-11-08 10:25:27'),
(77, 69, 81, 1, 'schedule', 'I have fever', 'yes', 'me', '2016-11-11 13:00:00', '2016-11-11 13:15:00', NULL, NULL, '2016-11-10 10:15:09'),
(78, 69, 160, 0, 'schedule', 'pp', 'yes', 'me', '2016-11-14 19:15:00', '2016-11-14 19:30:00', NULL, NULL, '2016-11-10 10:30:04'),
(79, 69, 81, 3, 'now', 'wegegeg', 'yes', 'me', '2016-11-11 14:17:04', '2016-11-11 14:32:04', 67.0455968, 24.857524599999998, '2016-11-11 12:12:04'),
(80, 69, 160, 0, 'schedule', 'I have back pain', 'yes', 'me,child', '2016-11-14 16:15:00', '2016-11-14 16:30:00', NULL, NULL, '2016-11-11 17:13:04'),
(81, 69, 160, 0, 'schedule', 'heelp', 'yes', 'me', '2016-11-21 19:15:00', '2016-11-21 19:30:00', NULL, NULL, '2016-11-11 17:16:50'),
(82, 69, 81, 3, 'now', '.kjbkkjbkjbpkll', 'yes', 'me,mychild,else', '2016-11-18 17:38:06', '2016-11-18 17:53:06', 67.0456318, 24.8574546, '2016-11-18 15:33:06'),
(83, 69, 187, 3, 'now', 'ugiiiiiiiiiiiiiiijhvkjhv guyg ugguiu ugug glugkjl gkjlkj', 'yes', 'me', '2016-11-18 17:45:53', '2016-11-18 18:00:53', 67.0456227, 24.8574722, '2016-11-18 15:40:53'),
(84, 161, 176, 1, 'schedule', 'Testing', 'yes', 'me', '2016-11-23 01:15:00', '2016-11-23 01:30:00', NULL, NULL, '2016-11-20 08:59:17'),
(85, 161, 169, 3, 'now', 'testing', 'Yes', 'me', '2016-11-21 10:18:34', '2016-11-21 10:33:34', 28.0577971, -26.1030348, '2016-11-21 08:13:34'),
(86, 161, 169, 1, 'now', 'Testing', 'Yes', 'me', '2016-11-21 10:18:50', '2016-11-21 10:33:50', NULL, NULL, '2016-11-21 08:13:50'),
(87, 161, 168, 0, 'schedule', 'test', 'no', 'me', '2016-11-28 16:15:00', '2016-11-28 16:30:00', NULL, NULL, '2016-11-24 14:18:49'),
(90, 178, 177, 1, 'schedule', 'I am mad again.', 'no', 'me', '2016-12-08 15:15:00', '2016-12-08 15:55:00', 72.5027235, 23.002878799999998, '2016-12-08 11:13:30'),
(91, 178, 177, 1, 'schedule', 'I need assistance.', 'yes', 'me', '2016-12-12 16:30:00', '2016-12-12 16:45:00', 72.5713621, 23.022505, '2016-12-12 10:17:37'),
(92, 161, 169, 0, 'schedule', 'Testing December 13, v1', 'yes', 'me', '2016-12-13 13:15:00', '2016-12-13 13:30:00', NULL, NULL, '2016-12-13 11:01:31'),
(93, 178, 177, 1, 'now', 'fever', 'yes', 'me,mychild', '2016-12-13 13:25:25', '2016-12-13 13:40:25', 72.5713621, 23.022505, '2016-12-13 11:20:25'),
(94, 178, 177, 1, 'now', 'abc', 'yes', 'me', '2016-12-13 13:37:29', '2016-12-13 13:52:29', NULL, NULL, '2016-12-13 11:32:29'),
(95, 161, 177, 1, 'now', 'testing with Barry', 'yes', 'me', '2016-12-13 14:31:12', '2016-12-13 14:46:12', 28.05770106848864, -26.10314864881638, '2016-12-13 12:26:12'),
(96, 178, 177, 3, 'now', 'test', 'yes', 'me', '2016-12-14 08:12:50', '2016-12-14 08:27:50', NULL, NULL, '2016-12-14 06:07:50'),
(97, 180, 177, 3, 'now', 'test', 'yes', 'me', '2016-12-14 08:43:08', '2016-12-14 08:58:08', NULL, NULL, '2016-12-14 06:38:08'),
(98, 178, 177, 1, 'now', 'abc', 'yes', 'me', '2016-12-14 12:05:15', '2016-12-14 12:20:15', 72.505341, 23.007376, '2016-12-14 10:00:15'),
(99, 161, 169, 3, 'now', 'Testing 123', 'Yes', 'me', '2016-12-15 07:25:21', '2016-12-15 07:40:21', NULL, NULL, '2016-12-15 05:20:21'),
(100, 161, 169, 1, 'now', 'test', 'Yes', 'me', '2016-12-15 07:35:03', '2016-12-15 07:50:03', NULL, NULL, '2016-12-15 05:30:03'),
(101, 178, 177, 3, 'now', 'tt', 'yes', 'me', '2016-12-15 07:41:46', '2016-12-15 07:56:46', 72.5054372, 23.0072947, '2016-12-15 05:36:46'),
(102, 178, 177, 3, 'now', 'test', 'yes', 'me', '2016-12-15 07:48:19', '2016-12-15 08:03:19', 72.5053949, 23.007313000000003, '2016-12-15 05:43:19'),
(103, 178, 177, 1, 'now', 'test', 'yes', 'me', '2016-12-15 09:03:23', '2016-12-15 09:18:23', NULL, NULL, '2016-12-15 06:58:23'),
(104, 178, 177, 1, 'now', 'test', 'yes', 'me', '2016-12-15 09:09:11', '2016-12-15 09:24:11', 72.505504, 23.0075114, '2016-12-15 07:04:11'),
(105, 178, 177, 3, 'now', 'hj', 'yes', 'me', '2016-12-15 09:18:42', '2016-12-15 09:33:42', 72.5051585, 23.0074275, '2016-12-15 07:13:42'),
(106, 178, 177, 1, 'now', 'test', 'yes', 'me', '2016-12-15 09:33:19', '2016-12-15 09:48:19', 72.50417185487429, 23.007643029064205, '2016-12-15 07:28:19'),
(107, 178, 177, 1, 'now', 'test', 'yes', 'me', '2016-12-15 11:22:28', '2016-12-15 11:37:28', 72.5051936, 23.0075239, '2016-12-15 09:17:28'),
(108, 178, 177, 3, 'now', 'abc', 'yes', 'me', '2016-12-15 11:29:46', '2016-12-15 11:44:46', 72.5052351, 23.0073662, '2016-12-15 09:24:46'),
(109, 178, 177, 3, 'now', 'lkj', 'yes', 'me', '2016-12-15 11:34:16', '2016-12-15 11:49:16', 72.5052609, 23.0073002, '2016-12-15 09:29:16'),
(110, 178, 177, 3, 'now', 'kjhg', 'yes', 'me', '2016-12-15 11:36:55', '2016-12-15 11:51:55', 72.5052233, 23.0073918, '2016-12-15 09:31:55'),
(111, 178, 177, 3, 'now', 'testing', 'yes', 'me', '2016-12-15 11:44:26', '2016-12-15 11:59:26', 72.50528560000001, 23.0074091, '2016-12-15 09:39:26'),
(112, 178, 177, 3, 'now', 'test', 'yes', 'me', '2016-12-15 12:03:54', '2016-12-15 12:18:54', 72.5057065, 23.0075586, '2016-12-15 09:58:54'),
(113, 178, 177, 1, 'now', 'test', 'yes', 'me', '2016-12-15 12:06:08', '2016-12-15 12:21:08', 72.505213, 23.007478499999998, '2016-12-15 10:01:08'),
(114, 178, 177, 3, 'now', 't', 'yes', 'me', '2016-12-15 12:17:50', '2016-12-15 12:32:50', 72.5713621, 23.022505, '2016-12-15 10:12:50'),
(115, 178, 177, 3, 'now', 'test', 'yes', 'me', '2016-12-15 12:20:42', '2016-12-15 12:35:42', 72.5713621, 23.022505, '2016-12-15 10:15:42'),
(116, 178, 177, 3, 'now', 'test', 'yes', 'me', '2016-12-15 12:25:51', '2016-12-15 12:40:51', 72.5713621, 23.022505, '2016-12-15 10:20:51'),
(117, 178, 177, 3, 'now', 'test', 'yes', 'me', '2016-12-15 12:29:23', '2016-12-15 12:44:23', 72.5713621, 23.022505, '2016-12-15 10:24:23'),
(118, 178, 177, 1, 'now', 'test', 'yes', 'me', '2016-12-15 12:31:57', '2016-12-15 12:46:57', NULL, NULL, '2016-12-15 10:26:57'),
(119, 178, 177, 3, 'now', 'test', 'yes', 'me', '2016-12-16 09:14:51', '2016-12-16 09:29:51', NULL, NULL, '2016-12-16 07:09:51'),
(120, 178, 177, 0, 'schedule', 'test', 'no', 'me', '2016-12-16 14:00:00', '2016-12-16 14:15:00', NULL, NULL, '2016-12-16 07:11:59'),
(121, 181, 182, 3, 'now', 'Help me', 'Yes', 'me,child,someone-else', '2016-12-16 13:51:29', '2016-12-16 14:06:29', 72.520425, 23.0042327, '2016-12-16 11:46:29'),
(122, 181, 182, 3, 'now', 'help', 'Yes', 'me,child,someone-else', '2016-12-16 14:10:10', '2016-12-16 14:25:10', 72.5031162, 23.002582, '2016-12-16 12:05:10'),
(123, 181, 182, 3, 'now', 'bvmbm', 'Yes', 'me', '2016-12-16 14:15:32', '2016-12-16 14:30:32', 72.503267, 23.0028537, '2016-12-16 12:10:32'),
(124, 181, 182, 3, 'now', 'erfg', 'Yes', 'me,someone-else', '2016-12-16 14:23:01', '2016-12-16 14:38:01', 72.503089, 23.0026197, '2016-12-16 12:18:01'),
(125, 181, 182, 3, 'now', 'dsfg', 'Yes', 'me', '2016-12-16 14:27:11', '2016-12-16 14:42:11', 72.5029038, 23.002534999999998, '2016-12-16 12:22:11'),
(126, 181, 182, 1, 'now', 'efs', 'Yes', 'me', '2016-12-16 14:35:44', '2016-12-16 14:50:44', 72.50300990000001, 23.002515499999998, '2016-12-16 12:30:44'),
(127, 181, 182, 3, 'now', 'cvhbcbh', 'Yes', 'me,someone-else', '2016-12-16 14:51:41', '2016-12-16 15:06:41', 72.520425, 23.0042327, '2016-12-16 12:46:41'),
(128, 181, 182, 1, 'now', 'xfgd', 'Yes', 'me,child,someone-else', '2016-12-16 14:59:02', '2016-12-16 15:14:02', 72.5203095, 23.0042421, '2016-12-16 12:54:02'),
(129, 181, 182, 3, 'now', ';lk', 'Yes', 'me', '2016-12-16 15:06:01', '2016-12-16 15:21:01', 72.520425, 23.0042327, '2016-12-16 13:01:01'),
(130, 181, 182, 3, 'now', 'gh', 'Yes', 'me,someone-else', '2016-12-16 15:12:34', '2016-12-16 15:27:34', 72.5203095, 23.0042421, '2016-12-16 13:07:34'),
(131, 181, 182, 3, 'now', 'm,j', 'Yes', 'me,someone-else', '2016-12-16 15:24:18', '2016-12-16 15:39:18', 72.5203095, 23.0042421, '2016-12-16 13:19:18'),
(132, 181, 182, 1, 'now', 'n', 'Yes', 'me', '2016-12-16 15:28:30', '2016-12-16 15:43:30', 72.5203095, 23.0042421, '2016-12-16 13:23:30'),
(133, 181, 182, 3, 'now', 'dfdsf', 'Yes', 'me', '2016-12-16 16:10:58', '2016-12-16 16:25:58', 72.5713621, 23.022505, '2016-12-16 14:05:58'),
(134, 178, 177, 1, 'now', 'asd', 'yes', 'me', '2016-12-19 17:17:00', '2016-12-19 17:32:00', NULL, NULL, '2016-12-19 15:12:00'),
(135, 178, 177, 3, 'now', 'abc', 'yes', 'me', '2016-12-22 07:49:42', '2016-12-22 08:04:42', 72.5713621, 23.022505, '2016-12-22 05:44:42'),
(136, 178, 177, 3, 'now', 'abc', 'yes', 'me', '2016-12-23 12:01:29', '2016-12-23 12:16:29', 72.5713621, 23.022505, '2016-12-23 09:56:29'),
(137, 161, 169, 3, 'now', 'test', 'Yes', 'me', '2016-12-23 16:42:26', '2016-12-23 16:57:26', 28.057805199999997, -26.1030797, '2016-12-23 14:37:26'),
(138, 161, 169, 3, 'now', 'Am just testing out the system.', 'Yes', 'me', '2016-12-23 16:49:07', '2016-12-23 17:04:07', 28.0578313, -26.1030621, '2016-12-23 14:44:07'),
(139, 178, 177, 3, 'now', 'abc', 'yes', 'me', '2016-12-27 07:23:13', '2016-12-27 07:38:13', NULL, NULL, '2016-12-27 05:18:13'),
(140, 178, 177, 3, 'now', 'adgf', 'yes', 'me', '2016-12-27 07:35:13', '2016-12-27 07:50:13', NULL, NULL, '2016-12-27 05:30:13'),
(141, 178, 177, 3, 'now', 'test', 'yes', 'me', '2016-12-27 09:44:03', '2016-12-27 09:59:03', 72.5027235, 23.002878799999998, '2016-12-27 07:39:03'),
(142, 178, 177, 3, 'now', 'test', 'yes', 'me', '2016-12-27 09:50:15', '2016-12-27 10:05:15', 72.5027235, 23.002878799999998, '2016-12-27 07:45:15'),
(143, 178, 177, 3, 'now', 'test', 'yes', 'me', '2016-12-27 12:42:55', '2016-12-27 12:57:55', 72.5713621, 23.022505, '2016-12-27 10:37:55'),
(144, 178, 177, 3, 'now', 'test', 'yes', 'me', '2016-12-27 12:51:15', '2016-12-27 13:06:15', 72.5713621, 23.022505, '2016-12-27 10:46:15'),
(145, 178, 177, 3, 'now', 'test', 'yes', 'me', '2016-12-27 12:56:14', '2016-12-27 13:11:14', 72.5713621, 23.022505, '2016-12-27 10:51:14'),
(146, 178, 177, 3, 'now', 'test', 'yes', 'me', '2016-12-27 13:06:03', '2016-12-27 13:21:03', 72.5713621, 23.022505, '2016-12-27 11:01:03'),
(147, 178, 177, 3, 'now', 'test', 'yes', 'me', '2016-12-27 13:09:08', '2016-12-27 13:24:08', 72.5713621, 23.022505, '2016-12-27 11:04:08'),
(148, 178, 177, 3, 'now', 'testtest', 'yes', 'me', '2016-12-27 13:09:57', '2016-12-27 13:24:57', 72.5713621, 23.022505, '2016-12-27 11:04:57'),
(149, 178, 177, 3, 'now', 'test', 'yes', 'me', '2016-12-27 13:12:01', '2016-12-27 13:27:01', 72.5713621, 23.022505, '2016-12-27 11:07:01'),
(150, 178, 177, 3, 'now', 'test', 'yes', 'me', '2016-12-27 13:15:06', '2016-12-27 13:30:06', 72.5713621, 23.022505, '2016-12-27 11:10:06'),
(151, 178, 177, 3, 'now', 'abc', 'yes', 'me', '2016-12-27 15:37:17', '2016-12-27 15:52:17', 72.5713621, 23.022505, '2016-12-27 13:32:17'),
(152, 178, 177, 3, 'now', 'test', 'yes', 'me', '2016-12-27 15:55:09', '2016-12-27 16:10:09', 72.5713621, 23.022505, '2016-12-27 13:50:09'),
(153, 178, 177, 1, 'now', 'abc', 'yes', 'me', '2016-12-28 13:00:02', '2016-12-28 13:15:02', NULL, NULL, '2016-12-28 10:55:02'),
(154, 178, 177, 1, 'now', 'Test', 'yes', 'me', '2016-12-29 10:01:55', '2016-12-29 10:16:55', NULL, NULL, '2016-12-29 07:56:55'),
(156, 161, 184, 1, 'schedule', 'Testing schedule', 'yes', 'me', '2017-01-04 08:00:00', '2017-01-04 08:15:00', NULL, NULL, '2017-01-03 11:42:00'),
(157, 161, 169, 3, 'now', 'Testing', 'Yes', 'me', '2017-01-03 14:19:35', '2017-01-03 14:34:35', NULL, NULL, '2017-01-03 12:14:35'),
(158, 161, 184, 3, 'now', '2 Testing, 16:22', 'Yes', 'me', '2017-01-03 16:44:25', '2017-01-03 16:59:25', NULL, NULL, '2017-01-03 14:39:25'),
(159, 161, 184, 3, 'now', 'testing with barry', 'Yes', 'me', '2017-01-03 17:05:23', '2017-01-03 17:20:23', NULL, NULL, '2017-01-03 15:00:23'),
(160, 161, 184, 1, 'now', 'Testing with Barry', 'Yes', 'me', '2017-01-03 17:05:30', '2017-01-03 17:20:30', NULL, NULL, '2017-01-03 15:00:30'),
(161, 183, 177, 1, 'now', 'ad', 'yes', 'me', '2017-01-03 17:06:35', '2017-01-03 17:21:35', NULL, NULL, '2017-01-03 15:01:35'),
(162, 178, 184, 0, 'schedule', 'abc', 'yes', 'me', '2017-01-03 01:00:00', '2017-01-03 01:15:00', NULL, NULL, '2017-01-03 15:06:21'),
(163, 178, 177, 1, 'schedule', 'adg', 'yes', 'me', '2017-01-04 12:00:00', '2017-01-04 12:15:00', NULL, NULL, '2017-01-03 15:09:10'),
(164, 178, 177, 1, 'schedule', 'asf', 'yes', 'me', '2017-01-05 12:15:00', '2017-01-05 12:30:00', NULL, NULL, '2017-01-03 15:10:06'),
(165, 161, 184, 3, 'now', 'f', 'Yes', 'me', '2017-01-03 18:56:44', '2017-01-03 19:11:44', 28.057865399999997, -26.1029344, '2017-01-03 16:51:44'),
(166, 161, 184, 3, 'now', 'xx', 'Yes', 'me', '2017-01-03 19:19:29', '2017-01-03 19:34:29', NULL, NULL, '2017-01-03 17:14:29'),
(167, 178, 177, 3, 'now', 'abc', 'Yes', 'me', '2017-01-06 09:16:09', '2017-01-06 09:31:09', 72.5027235, 23.002878799999998, '2017-01-06 07:11:09'),
(168, 178, 177, 3, 'now', 'abc', 'Yes', 'me', '2017-01-06 09:30:06', '2017-01-06 09:45:06', NULL, NULL, '2017-01-06 07:25:06'),
(169, 178, 177, 1, 'now', 'test', 'yes', 'me', '2017-01-06 16:03:17', '2017-01-06 16:18:17', NULL, NULL, '2017-01-06 13:58:17'),
(170, 178, 177, 3, 'now', 'test', 'yes', 'me', '2017-01-06 16:09:23', '2017-01-06 16:24:23', NULL, NULL, '2017-01-06 14:04:23'),
(171, 178, 177, 3, 'now', 'test', 'yes', 'me', '2017-01-07 09:33:19', '2017-01-07 09:48:19', NULL, NULL, '2017-01-07 07:28:19'),
(172, 178, 177, 3, 'now', 'ad', 'yes', 'me', '2017-01-07 13:51:26', '2017-01-07 14:06:26', 72.5027235, 23.002878799999998, '2017-01-07 11:46:26'),
(174, 187, 186, 0, 'schedule', 'Nose bleeding and headache', 'yes', 'me', '2017-02-07 00:00:00', '2017-02-07 00:00:00', NULL, NULL, '2017-02-07 09:18:43'),
(175, 187, 186, 3, 'now', 'gsdhghsbnbvsdgffffffffffffffffffsdf dsh hf sddhdf hhd', 'Yes', 'me,child,someone-else', '2017-02-07 12:16:37', '2017-02-07 12:31:37', 28.053736699999998, -26.120680699999998, '2017-02-07 10:11:37'),
(179, 187, 186, 3, 'now', 'xdfcgvyhbjunkml', 'Yes', 'me', '2017-02-07 14:33:17', '2017-02-07 14:48:17', 28.053736699999998, -26.120680699999998, '2017-02-07 12:28:17'),
(180, 187, 186, 3, 'now', 'xredcfgtvhbhjnhj', 'Yes', 'me', '2017-02-08 08:33:41', '2017-02-08 08:48:41', NULL, NULL, '2017-02-08 06:28:41'),
(181, 187, 186, 1, 'now', 'cftvgybhjn', 'Yes', 'me', '2017-02-08 08:45:41', '2017-02-08 09:00:41', NULL, NULL, '2017-02-08 06:40:41'),
(182, 187, 186, 3, 'now', '1szxedrcftvgybhunjimk', 'Yes', 'me,child', '2017-02-08 09:12:10', '2017-02-08 09:27:10', 28.053736699999998, -26.120680699999998, '2017-02-08 07:07:10'),
(183, 187, 186, 3, 'now', 'cfvgybhunjimkol', 'Yes', 'me,child', '2017-02-08 09:27:14', '2017-02-08 09:42:14', NULL, NULL, '2017-02-08 07:22:14'),
(184, 187, 186, 3, 'now', 'ashjgjfjjghf', 'Yes', 'me,child', '2017-02-08 09:37:43', '2017-02-08 09:52:43', NULL, NULL, '2017-02-08 07:32:43'),
(185, 187, 0, 0, 'schedule', 'GHJGLBJKGB', 'yes', 'me,child,someone-else', '0000-00-00 00:00:00', '0000-00-00 00:00:00', NULL, NULL, '2017-02-08 09:43:02'),
(186, 187, 186, 0, 'schedule', 'fghcjv', 'yes', 'me', '2017-02-08 07:00:00', '2017-02-08 07:15:00', NULL, NULL, '2017-02-08 10:28:16'),
(187, 187, 186, 1, 'schedule', 'ctgyvhjhjknkj', 'yes', 'me', '2017-02-08 13:00:00', '2017-02-08 13:15:00', 28.053736699999998, -26.120680699999998, '2017-02-08 10:52:39'),
(188, 187, 186, 3, 'schedule', 'xfcgvhbjkinlm', 'yes', 'me,child,someone-else', '2017-02-08 13:15:00', '2017-02-08 13:30:00', 28.053736699999998, -26.120680699999998, '2017-02-08 11:05:06'),
(189, 187, 186, 1, 'schedule', 'bhjnklm', 'yes', 'me,someone-else', '2017-02-08 14:45:00', '2017-02-08 15:00:00', 28.053736699999998, -26.120680699999998, '2017-02-08 11:19:38'),
(190, 187, 186, 1, 'schedule', 'cvtgymoklp,;', 'yes', 'me', '2017-02-08 15:30:00', '2017-02-08 15:45:00', NULL, NULL, '2017-02-08 12:56:25'),
(191, 188, 186, 3, 'now', 'Persistent and consistent headache', 'No', 'me', '2017-02-08 15:11:51', '2017-02-08 15:26:51', NULL, NULL, '2017-02-08 13:06:51'),
(192, 187, 186, 1, 'schedule', 'fdsghgsfjgfgd', 'yes', 'me', '2017-02-08 15:45:00', '2017-02-08 16:00:00', 28.053736699999998, -26.120680699999998, '2017-02-08 13:35:56'),
(194, 188, 186, 1, 'schedule', 'Testing..', 'no', 'me', '2017-02-17 07:15:00', '2017-02-17 07:30:00', NULL, NULL, '2017-02-08 14:28:35'),
(195, 187, 194, 3, 'now', 'ftcfchgjhgfjhhgjhjkgjgkjgkj', 'yes', 'me,mychild,else', '2017-02-08 16:54:56', '2017-02-08 17:09:56', 28.053736699999998, -26.120680699999998, '2017-02-08 14:49:56'),
(196, 187, 194, 3, 'now', 'fgdsagffddfhdghfsdfh', 'yes', 'me', '2017-02-09 09:29:05', '2017-02-09 09:44:05', 28.053736699999998, -26.120680699999998, '2017-02-09 07:24:05'),
(197, 187, 194, 3, 'now', 'fdgdsggffsd', 'yes', 'me', '2017-02-09 09:37:27', '2017-02-09 09:52:27', NULL, NULL, '2017-02-09 07:32:27'),
(198, 188, 194, 3, 'now', 'vuhbjknl', 'yes', 'me', '2017-02-09 09:46:16', '2017-02-09 10:01:16', 28.053736699999998, -26.120680699999998, '2017-02-09 07:41:16'),
(199, 188, 194, 3, 'now', '123566465232133', 'yes', 'me', '2017-02-09 10:44:09', '2017-02-09 10:59:09', NULL, NULL, '2017-02-09 08:39:09'),
(200, 187, 186, 3, 'now', 'bbcvbvcvc', 'Yes', 'me', '2017-02-09 10:55:43', '2017-02-09 11:10:43', 28.053736699999998, -26.120680699999998, '2017-02-09 08:50:43'),
(201, 187, 194, 3, 'schedule', 'ftyguhio', 'yes', 'me', '2017-02-09 11:30:00', '2017-02-09 11:45:00', 28.053736699999998, -26.120680699999998, '2017-02-09 09:06:22'),
(202, 187, 186, 3, 'now', 'gybnhuijmoklp,;.', 'Yes', 'me', '2017-02-09 12:18:56', '2017-02-09 12:33:56', 27.9131832, -26.1718999, '2017-02-09 10:13:56'),
(203, 187, 195, 3, 'schedule', 'hkcvjhcjxzbcxz,', 'yes', 'me', '2017-02-12 09:00:00', '2017-02-12 09:15:00', NULL, NULL, '2017-02-12 06:37:21'),
(205, 187, 186, 3, 'now', 'vdggfsdg', 'Yes', 'me', '2017-02-13 08:49:19', '2017-02-13 09:04:19', 27.9131832, -26.1718999, '2017-02-13 06:44:19'),
(207, 188, 186, 1, 'schedule', 'Body is aching', 'no', 'me', '2017-02-20 14:15:00', '2017-02-20 14:30:00', NULL, NULL, '2017-02-20 10:57:47'),
(208, 188, 186, 1, 'now', 'My everybody is painful.', 'No', 'me', '2017-02-23 11:23:28', '2017-02-23 11:38:28', 28.057782, -26.1030405, '2017-02-23 09:18:28'),
(209, 188, 186, 1, 'schedule', 'Endless headache', 'no', 'me', '2017-02-23 11:45:00', '2017-02-23 12:00:00', NULL, NULL, '2017-02-23 09:23:59'),
(210, 161, 169, 1, 'now', 'Testing 3 Jan', 'Yes', 'me', '2017-11-22 16:45:55', '2017-11-22 17:00:55', NULL, NULL, '2017-11-22 14:40:55'),
(211, 198, 184, 3, 'now', 'I feel very tired.', 'No', 'me', '2017-11-27 19:14:19', '2017-11-27 19:29:19', NULL, NULL, '2017-11-27 17:09:19'),
(212, 198, 184, 1, 'now', 'fever', 'Yes', 'me', '2017-11-28 18:53:01', '2017-11-28 19:08:01', NULL, NULL, '2017-11-28 16:48:01'),
(213, 161, 177, 1, 'now', 'test', 'yes', 'me,mychild,else', '2018-01-18 06:59:50', '2018-01-18 07:14:50', NULL, NULL, '2018-01-18 04:54:50'),
(214, 161, 177, 1, 'now', 'test', 'yes', 'me', '2018-01-18 07:44:51', '2018-01-18 07:59:51', NULL, NULL, '2018-01-18 05:39:51'),
(215, 161, 177, 1, 'schedule', 'test', 'yes', 'me', '2018-01-18 13:30:00', '2018-01-18 13:45:00', NULL, NULL, '2018-01-18 06:25:10'),
(216, 161, 177, 1, 'now', 'test', 'yes', 'me', '2018-01-18 08:30:30', '2018-01-18 08:45:30', NULL, NULL, '2018-01-18 06:25:30'),
(217, 161, 177, 1, 'schedule', 'test', 'yes', 'me,child,someone-else', '2018-01-18 17:45:00', '2018-01-18 18:00:00', NULL, NULL, '2018-01-18 06:31:08'),
(218, 161, 177, 1, 'now', 'test', 'yes', 'me', '2018-01-18 08:49:15', '2018-01-18 09:04:15', NULL, NULL, '2018-01-18 06:44:15'),
(219, 177, 177, 1, 'schedule', 'test', 'yes', 'me,child,someone-else', '2018-01-18 14:15:00', '2018-01-18 14:30:00', NULL, NULL, '2018-01-18 07:04:54'),
(220, 177, 177, 1, 'now', 'test', 'yes', 'me,mychild,else', '2018-01-18 09:15:10', '2018-01-18 09:30:10', NULL, NULL, '2018-01-18 07:10:10'),
(221, 161, 177, 1, 'now', 'test3', 'yes', 'me', '2018-01-18 16:37:02', '2018-01-18 16:52:02', NULL, NULL, '2018-01-18 14:32:02'),
(222, 177, 177, 1, 'schedule', 'test', 'yes', 'me', '2018-01-19 14:15:00', '2018-01-19 14:30:00', NULL, NULL, '2018-01-19 05:41:36'),
(223, 177, 177, 1, 'schedule', 'test3', 'yes', 'me', '2018-01-19 19:15:00', '2018-01-19 19:30:00', NULL, NULL, '2018-01-19 05:43:05'),
(224, 161, 177, 1, 'schedule', 'test1', 'yes', 'me', '2018-01-19 19:00:00', '2018-01-19 19:15:00', NULL, NULL, '2018-01-19 09:45:56'),
(225, 161, 177, 3, 'now', 'test5', 'yes', 'me', '2018-01-19 11:51:31', '2018-01-19 12:06:31', NULL, NULL, '2018-01-19 09:46:31'),
(226, 161, 177, 1, 'schedule', 'A wonderful serenity has taken possession of my entire soul, like these sweet mornings of spring which I enjoy with my whole heart. I am alone, and feel the charm of existence in this spot, which was created for the bliss of souls like mine. I am so happy, my dear friend, so absorbed in the exquisite sense of mere tranquil existence, that I neglect my talents. I should be incapable of drawing a single stroke at the present moment; and yet I feel that I never was a greater artist than now.', 'yes', 'me', '2018-02-02 14:00:00', '2018-02-02 14:15:00', NULL, NULL, '2018-01-19 09:58:47'),
(227, 161, 177, 3, 'now', 'test', 'yes', 'me', '2018-01-19 12:06:44', '2018-01-19 12:21:44', NULL, NULL, '2018-01-19 10:01:44'),
(228, 161, 177, 3, 'now', '2test', 'yes', 'me', '2018-01-19 12:26:27', '2018-01-19 12:41:27', NULL, NULL, '2018-01-19 10:21:27'),
(229, 161, 177, 1, 'now', 'asdasdasd', 'yes', 'me', '2018-01-19 13:10:05', '2018-01-19 13:25:05', NULL, NULL, '2018-01-19 11:05:05'),
(230, 161, 177, 1, 'schedule', 'dfsf', 'yes', 'me', '2018-01-19 16:45:00', '2018-01-19 17:00:00', NULL, NULL, '2018-01-19 11:11:24'),
(231, 161, 200, 3, 'now', 'test', 'yes', 'me', '2018-01-19 15:42:21', '2018-01-19 15:57:21', NULL, NULL, '2018-01-19 13:37:21'),
(232, 161, 177, 3, 'now', 'test', 'yes', 'me', '2018-01-19 15:44:19', '2018-01-19 15:59:19', NULL, NULL, '2018-01-19 13:39:19'),
(233, 161, 200, 1, 'now', '2test', 'yes', 'me', '2018-01-19 15:48:26', '2018-01-19 16:03:26', NULL, NULL, '2018-01-19 13:43:26'),
(234, 161, 200, 1, 'now', 'sdf', 'yes', 'me', '2018-01-19 16:06:34', '2018-01-19 16:21:34', NULL, NULL, '2018-01-19 14:01:34'),
(235, 161, 200, 3, 'now', 'qqqq', 'yes', 'me', '2018-01-23 12:29:11', '2018-01-23 12:44:11', 72.5027235, 23.002878799999998, '2018-01-23 10:24:11'),
(236, 161, 200, 3, 'now', 'test', 'yes', 'me', '2018-01-23 12:31:25', '2018-01-23 12:46:25', NULL, NULL, '2018-01-23 10:26:25'),
(237, 161, 200, 3, 'now', 'test', 'yes', 'me', '2018-01-23 12:37:30', '2018-01-23 12:52:30', NULL, NULL, '2018-01-23 10:32:30'),
(238, 161, 177, 1, 'now', 'abc', 'yes', 'me', '2018-01-23 12:59:18', '2018-01-23 13:14:18', NULL, NULL, '2018-01-23 10:54:18'),
(239, 161, 177, 1, 'now', 'REVERT back', 'yes', 'me', '2018-01-23 13:23:34', '2018-01-23 13:38:34', 28.0579129, -26.1030324, '2018-01-23 11:18:34'),
(240, 161, 184, 3, 'now', 'ihokkfjkhbfds', 'Yes', 'me', '2018-01-24 10:13:58', '2018-01-24 10:28:58', NULL, NULL, '2018-01-24 08:08:58'),
(241, 161, 184, 3, 'now', 'Testing', 'Yes', 'me', '2018-01-24 10:15:33', '2018-01-24 10:30:33', 28.0578218, -26.103258, '2018-01-24 08:10:33'),
(242, 201, 177, 1, 'now', 'abc', 'yes', 'me', '2018-01-25 09:58:13', '2018-01-25 10:13:13', 72.51118149999999, 23.0048724, '2018-01-25 07:53:13'),
(243, 201, 177, 3, 'now', 'abc', 'yes', 'me', '2018-01-25 12:00:38', '2018-01-25 12:15:38', 72.51113529999999, 23.004867100000002, '2018-01-25 09:55:38'),
(244, 161, 184, 3, 'now', 'Testing', 'Yes', 'me', '2018-01-25 12:07:34', '2018-01-25 12:22:34', 28.0578039, -26.103219600000003, '2018-01-25 10:02:34'),
(245, 201, 177, 3, 'now', 'abc', 'yes', 'me', '2018-01-25 12:12:49', '2018-01-25 12:27:49', NULL, NULL, '2018-01-25 10:07:49'),
(246, 201, 177, 3, 'now', 'Test call', 'yes', 'me', '2018-01-25 14:00:51', '2018-01-25 14:15:51', 72.5114126, 23.0048761, '2018-01-25 11:55:51'),
(247, 201, 177, 3, 'now', 'check call', 'yes', 'me', '2018-01-25 14:02:40', '2018-01-25 14:17:40', 72.5114126, 23.0048761, '2018-01-25 11:57:40'),
(248, 201, 177, 3, 'now', 'abc', 'yes', 'me', '2018-01-25 14:05:49', '2018-01-25 14:20:49', 72.5114126, 23.0048761, '2018-01-25 12:00:49'),
(249, 161, 184, 3, 'now', 'Testing', 'Yes', 'me', '2018-01-25 15:04:51', '2018-01-25 15:19:51', 28.057858699999997, -26.1033014, '2018-01-25 12:59:51'),
(250, 161, 184, 3, 'now', 'Testing', 'Yes', 'me', '2018-01-25 15:08:02', '2018-01-25 15:23:02', 28.0578611, -26.1032728, '2018-01-25 13:03:02'),
(251, 161, 184, 3, 'now', 'Testing', 'Yes', 'me', '2018-01-25 15:10:27', '2018-01-25 15:25:27', 28.0578377, -26.1033044, '2018-01-25 13:05:27'),
(252, 161, 184, 3, 'now', 'Testing', 'Yes', 'me', '2018-01-25 15:12:43', '2018-01-25 15:27:43', NULL, NULL, '2018-01-25 13:07:43'),
(253, 161, 184, 3, 'now', 'Testing', 'Yes', 'me', '2018-01-25 15:15:33', '2018-01-25 15:30:33', 28.057840499999998, -26.103309099999997, '2018-01-25 13:10:33'),
(254, 161, 184, 3, 'now', 'Testing', 'Yes', 'me', '2018-01-25 15:19:53', '2018-01-25 15:34:53', 28.057844799999998, -26.103299099999997, '2018-01-25 13:14:53'),
(255, 161, 184, 3, 'now', 'Mob to computer test', 'Yes', 'me', '2018-01-25 15:24:57', '2018-01-25 15:39:57', NULL, NULL, '2018-01-25 13:19:57'),
(256, 161, 184, 3, 'now', 'Mob to mob testing', 'Yes', 'me', '2018-01-25 15:33:43', '2018-01-25 15:48:43', NULL, NULL, '2018-01-25 13:28:43'),
(257, 161, 184, 1, 'now', 'Mob to mob test', 'Yes', 'me', '2018-01-25 15:37:05', '2018-01-25 15:52:05', NULL, NULL, '2018-01-25 13:32:05'),
(258, 161, 169, 1, 'now', 'v', 'Yes', 'me', '2018-01-25 15:44:31', '2018-01-25 15:59:31', NULL, NULL, '2018-01-25 13:39:31'),
(259, 161, 169, 1, 'now', 'Mob to mob test', 'Yes', 'me', '2018-01-25 15:45:40', '2018-01-25 16:00:40', NULL, NULL, '2018-01-25 13:40:40'),
(260, 161, 184, 1, 'now', 'wfw', 'Yes', 'me', '2018-01-25 19:41:47', '2018-01-25 19:56:47', 28.053736699999998, -26.120680699999998, '2018-01-25 17:36:47'),
(261, 201, 177, 3, 'now', 'abc', 'yes', 'me', '2018-02-01 10:05:20', '2018-02-01 10:20:20', 72.5027235, 23.002878799999998, '2018-02-01 08:00:20');

-- --------------------------------------------------------

--
-- Table structure for table `appointment_now`
--

CREATE TABLE IF NOT EXISTS `appointment_now` (
  `id` int(11) NOT NULL AUTO_INCREMENT,
  `p_id` int(11) NOT NULL,
  `d_id` int(11) NOT NULL,
  `meeting_approval` int(11) DEFAULT '0',
  `brief_description` varchar(256) DEFAULT NULL,
  `med_taken` varchar(10) DEFAULT NULL,
  `patient` varchar(50) DEFAULT NULL,
  `created_at` timestamp NOT NULL DEFAULT CURRENT_TIMESTAMP,
  PRIMARY KEY (`id`)
) ENGINE=InnoDB  DEFAULT CHARSET=latin1 AUTO_INCREMENT=566 ;

--
-- Dumping data for table `appointment_now`
--

INSERT INTO `appointment_now` (`id`, `p_id`, `d_id`, `meeting_approval`, `brief_description`, `med_taken`, `patient`, `created_at`) VALUES
(5, 161, 160, 0, 'testing2', 'Yes', 'me', '2016-10-26 06:07:29'),
(6, 161, 169, NULL, 'Testing 2 Nov 8am', 'Yes', 'me', '2016-11-02 06:08:28'),
(7, 161, 169, NULL, 'Testing 2Nov v2 8:16', 'Yes', 'me', '2016-11-02 06:16:49'),
(8, 69, 81, NULL, 'Please help me.', 'yes', 'me', '2016-11-02 08:55:03'),
(9, 69, 173, NULL, 'Please help me.', 'yes', 'me', '2016-11-02 08:55:03'),
(10, 69, 81, NULL, 'Brain pain', 'yes', 'me', '2016-11-02 09:02:21'),
(11, 69, 173, NULL, 'Brain pain', 'yes', 'me', '2016-11-02 09:02:21'),
(12, 69, 81, NULL, 'I am having fever', 'yes', 'me', '2016-11-02 09:25:32'),
(13, 69, 173, NULL, 'I am having fever', 'yes', 'me', '2016-11-02 09:25:32'),
(14, 69, 81, NULL, 'Heart pain', 'yes', 'me', '2016-11-02 09:44:22'),
(15, 69, 173, NULL, 'Heart pain', 'yes', 'me', '2016-11-02 09:44:22'),
(36, 161, 169, 0, 'Testing 123', 'Yes', 'me', '2016-11-07 08:21:51'),
(37, 161, 169, 0, 'Testing 123', 'Yes', 'me', '2016-11-07 08:21:51'),
(44, 161, 173, 0, 'testing P: 8 Nov', 'yes', 'me', '2016-11-08 10:24:07'),
(52, 161, 81, 0, 'Tes', 'yes', 'me', '2016-11-20 08:57:44'),
(53, 161, 173, 0, 'Tes', 'yes', 'me', '2016-11-20 08:57:44'),
(54, 161, 81, 0, 'wdfrf', 'yes', 'me', '2016-11-21 07:49:31'),
(55, 161, 173, 0, 'wdfrf', 'yes', 'me', '2016-11-21 07:49:31'),
(56, 178, 81, 0, 'I am mad.', 'no', 'me', '2016-12-08 10:50:07'),
(57, 178, 173, 0, 'I am mad.', 'no', 'me', '2016-12-08 10:50:07'),
(73, 178, 81, 0, 'kjh', 'yes', 'me', '2016-12-14 09:39:41'),
(74, 178, 173, 0, 'kjh', 'yes', 'me', '2016-12-14 09:39:41'),
(86, 178, 81, 0, 'test', 'yes', 'me', '2016-12-15 05:53:28'),
(87, 178, 173, 0, 'test', 'yes', 'me', '2016-12-15 05:53:28'),
(112, 178, 81, 0, 'hjk', 'yes', 'me', '2016-12-15 09:33:10'),
(113, 178, 173, 0, 'hjk', 'yes', 'me', '2016-12-15 09:33:10'),
(114, 178, 81, 0, 'kjh', 'yes', 'me', '2016-12-15 09:33:49'),
(115, 178, 173, 0, 'kjh', 'yes', 'me', '2016-12-15 09:33:49'),
(116, 178, 81, 0, 'kjh', 'yes', 'me', '2016-12-15 09:35:35'),
(117, 178, 173, 0, 'kjh', 'yes', 'me', '2016-12-15 09:35:35'),
(133, 178, 81, 0, 'test', 'yes', 'me', '2016-12-15 10:18:18'),
(134, 178, 173, 0, 'test', 'yes', 'me', '2016-12-15 10:18:18'),
(135, 178, 81, 0, 'new test', 'yes', 'me', '2016-12-15 10:19:05'),
(136, 178, 173, 0, 'new test', 'yes', 'me', '2016-12-15 10:19:05'),
(137, 178, 81, 0, 'test', 'yes', 'me', '2016-12-15 10:19:26'),
(138, 178, 173, 0, 'test', 'yes', 'me', '2016-12-15 10:19:26'),
(148, 178, 173, 0, 'test', 'yes', 'me', '2016-12-16 06:56:07'),
(149, 178, 177, 2, 'test', 'yes', 'me', '2016-12-16 06:57:32'),
(150, 178, 173, 0, 'test', 'yes', 'me', '2016-12-16 06:57:32'),
(153, 178, 177, 2, 'abc', 'yes', 'me', '2016-12-16 07:10:24'),
(154, 178, 173, 0, 'abc', 'yes', 'me', '2016-12-16 07:10:24'),
(168, 178, 177, 2, 'asb', 'yes', 'me', '2016-12-19 15:10:40'),
(169, 178, 173, 0, 'asb', 'yes', 'me', '2016-12-19 15:10:40'),
(172, 183, 182, 0, 'asd', 'Yes', 'me', '2016-12-20 12:35:11'),
(183, 161, 182, 0, 'testin 4', 'Yes', 'me', '2016-12-23 15:35:05'),
(184, 161, 169, 0, 'testin 4', 'Yes', 'me', '2016-12-23 15:35:05'),
(193, 178, 177, 2, 'test', 'yes', 'me', '2016-12-27 09:52:42'),
(194, 178, 173, 0, 'test', 'yes', 'me', '2016-12-27 09:52:42'),
(219, 178, 173, 0, 'abc', 'yes', 'me', '2016-12-29 09:39:42'),
(220, 178, 173, 0, 'sdfg', 'yes', 'me', '2016-12-29 09:40:24'),
(221, 161, 182, 0, 'Testing 2017', 'Yes', 'me', '2017-01-02 10:38:38'),
(225, 178, 177, 2, 'The quick brown fox jumps right over the lazy dog.The quick brown fox jumps right over the lazy dog.', 'yes', 'me', '2017-01-03 12:23:52'),
(226, 178, 173, 0, 'The quick brown fox jumps right over the lazy dog.The quick brown fox jumps right over the lazy dog.', 'yes', 'me', '2017-01-03 12:23:52'),
(227, 161, 169, 0, 'Testing 3 Jan 16:15', 'Yes', 'me', '2017-01-03 14:15:23'),
(228, 161, 182, 0, 'Testing 3 Jan 16:15', 'Yes', 'me', '2017-01-03 14:15:23'),
(232, 178, 177, 2, 'abcc', 'yes', 'me', '2017-01-03 14:53:13'),
(233, 178, 173, 0, 'abcc', 'yes', 'me', '2017-01-03 14:53:13'),
(241, 178, 169, 0, 'abc', 'Yes', 'me', '2017-01-03 15:12:59'),
(242, 178, 177, 0, 'abc', 'Yes', 'me', '2017-01-03 15:12:59'),
(243, 178, 182, 0, 'abc', 'Yes', 'me', '2017-01-03 15:12:59'),
(244, 178, 184, 2, 'abc', 'Yes', 'me', '2017-01-03 15:12:59'),
(249, 161, 169, 0, 'x', 'Yes', 'me,child,someone-else', '2017-01-03 17:09:24'),
(250, 161, 184, 0, 'x', 'Yes', 'me,child,someone-else', '2017-01-03 17:09:24'),
(251, 161, 177, 0, 'x', 'Yes', 'me,child,someone-else', '2017-01-03 17:09:24'),
(252, 161, 182, 0, 'x', 'Yes', 'me,child,someone-else', '2017-01-03 17:09:24'),
(257, 178, 173, 0, 'test', 'yes', 'me', '2017-01-05 12:33:11'),
(258, 178, 173, 0, 'test', 'yes', 'me', '2017-01-05 12:35:08'),
(265, 178, 169, 0, 'awerwer', 'Yes', 'me', '2017-01-06 07:26:50'),
(266, 178, 177, 2, 'awerwer', 'Yes', 'me', '2017-01-06 07:26:50'),
(267, 178, 182, 0, 'awerwer', 'Yes', 'me', '2017-01-06 07:26:50'),
(268, 178, 173, 0, 'te', 'yes', 'me', '2017-01-06 13:56:47'),
(275, 178, 169, 0, 'abc', 'Yes', 'me', '2017-01-07 11:45:12'),
(276, 178, 184, 0, 'abc', 'Yes', 'me', '2017-01-07 11:45:12'),
(277, 178, 182, 0, 'abc', 'Yes', 'me', '2017-01-07 11:45:12'),
(280, 188, 173, 0, 'She is not coping with failing Grade 11.', 'no', 'mychild', '2017-01-23 13:30:01'),
(281, 188, 173, 0, 'I am divorcing my husband and I wanna go back to him even though he has been very abusive', 'yes', 'me', '2017-02-06 13:54:51'),
(294, 187, 169, 0, 'fdgfda', 'Yes', 'me', '2017-02-07 10:49:40'),
(295, 187, 184, 0, 'fdgfda', 'Yes', 'me', '2017-02-07 10:49:40'),
(296, 187, 186, 2, 'fdgfda', 'Yes', 'me', '2017-02-07 10:49:40'),
(297, 187, 182, 0, 'fdgfda', 'Yes', 'me', '2017-02-07 10:49:40'),
(298, 187, 169, 0, 'jkbkbjbkbjk', 'Yes', 'me', '2017-02-07 10:59:37'),
(299, 187, 184, 2, 'jkbkbjbkbjk', 'Yes', 'me', '2017-02-07 10:59:37'),
(300, 187, 186, 2, 'jkbkbjbkbjk', 'Yes', 'me', '2017-02-07 10:59:37'),
(301, 187, 182, 0, 'jkbkbjbkbjk', 'Yes', 'me', '2017-02-07 10:59:37'),
(318, 187, 169, 0, 'fghjkh', 'Yes', 'me', '2017-02-08 06:49:54'),
(319, 187, 184, 0, 'fghjkh', 'Yes', 'me', '2017-02-08 06:49:54'),
(320, 187, 182, 0, 'fghjkh', 'Yes', 'me', '2017-02-08 06:49:54'),
(321, 187, 169, 0, 'asdfgdjsjhj', 'Yes', 'me', '2017-02-08 06:59:05'),
(322, 187, 184, 0, 'asdfgdjsjhj', 'Yes', 'me', '2017-02-08 06:59:05'),
(323, 187, 182, 0, 'asdfgdjsjhj', 'Yes', 'me', '2017-02-08 06:59:05'),
(340, 188, 173, 0, 'Need to talk', 'yes', 'me', '2017-02-08 13:12:50'),
(341, 188, 169, 0, 'Testing testing', 'Yes', 'me', '2017-02-08 13:46:33'),
(342, 188, 184, 0, 'Testing testing', 'Yes', 'me', '2017-02-08 13:46:33'),
(343, 188, 182, 0, 'Testing testing', 'Yes', 'me', '2017-02-08 13:46:33'),
(344, 188, 186, 2, 'Testing testing', 'Yes', 'me', '2017-02-08 13:46:33'),
(345, 187, 173, 0, 'fyiugiyjhjkbjkbnm,bbjklhbjhbvhjbj', 'yes', 'me,mychild', '2017-02-08 14:47:43'),
(364, 187, 169, 0, 'dafsafsd', 'Yes', 'me,child', '2017-02-13 06:38:23'),
(365, 187, 184, 0, 'dafsafsd', 'Yes', 'me,child', '2017-02-13 06:38:23'),
(366, 187, 182, 0, 'dafsafsd', 'Yes', 'me,child', '2017-02-13 06:38:23'),
(367, 161, 169, 0, 'e', 'Yes', 'me', '2017-02-15 10:42:43'),
(368, 161, 184, 0, 'e', 'Yes', 'me', '2017-02-15 10:42:43'),
(369, 161, 182, 0, 'e', 'Yes', 'me', '2017-02-15 10:42:43'),
(370, 161, 186, 0, 'e', 'Yes', 'me', '2017-02-15 10:42:43'),
(371, 161, 169, 0, 'b', 'Yes', 'me', '2017-10-11 13:11:16'),
(372, 161, 184, 0, 'b', 'Yes', 'me', '2017-10-11 13:11:16'),
(373, 161, 182, 0, 'b', 'Yes', 'me', '2017-10-11 13:11:16'),
(374, 161, 169, 0, 'v', 'Yes', 'me', '2017-11-06 15:07:03'),
(375, 161, 184, 0, 'v', 'Yes', 'me', '2017-11-06 15:07:03'),
(376, 161, 182, 0, 'v', 'Yes', 'me', '2017-11-06 15:07:03'),
(380, 161, 173, 0, 'not feeling well', 'yes', 'me', '2018-01-18 04:06:58'),
(381, 161, 177, 0, 'test', 'yes', 'me', '2018-01-18 04:42:23'),
(382, 161, 173, 0, 'test', 'yes', 'me', '2018-01-18 04:42:23'),
(383, 161, 177, 0, 'test', 'yes', 'me', '2018-01-18 04:42:25'),
(384, 161, 173, 0, 'test', 'yes', 'me', '2018-01-18 04:42:25'),
(385, 161, 177, 0, 'test', 'yes', 'me', '2018-01-18 04:44:01'),
(386, 161, 173, 0, 'test', 'yes', 'me', '2018-01-18 04:44:01'),
(387, 161, 177, 0, 'test', 'yes', 'me', '2018-01-18 04:48:08'),
(388, 161, 173, 0, 'test', 'yes', 'me', '2018-01-18 04:48:08'),
(393, 161, 177, 0, 'test', 'yes', 'me', '2018-01-18 05:55:05'),
(394, 161, 173, 0, 'test', 'yes', 'me', '2018-01-18 05:55:05'),
(395, 161, 177, 2, 'test', 'yes', 'me', '2018-01-18 05:55:30'),
(396, 161, 173, 0, 'test', 'yes', 'me', '2018-01-18 05:55:30'),
(401, 161, 173, 0, 'test', 'yes', 'me', '2018-01-18 07:03:15'),
(404, 177, 173, 0, 'test', 'yes', 'me,mychild,else', '2018-01-18 07:05:06'),
(405, 177, 173, 0, 'test', 'yes', 'me', '2018-01-18 07:08:42'),
(406, 161, 173, 0, 'sdad', 'yes', 'me', '2018-01-18 11:15:09'),
(407, 161, 177, 0, 'test', 'yes', 'me', '2018-01-18 14:27:31'),
(408, 161, 173, 0, 'test', 'yes', 'me', '2018-01-18 14:27:31'),
(409, 161, 177, 0, 'test2', 'yes', 'me', '2018-01-18 14:28:48'),
(410, 161, 173, 0, 'test2', 'yes', 'me', '2018-01-18 14:28:48'),
(413, 177, 177, 0, 'test2', 'yes', 'me', '2018-01-19 05:42:15'),
(414, 177, 173, 0, 'test2', 'yes', 'me', '2018-01-19 05:42:15'),
(419, 161, 177, 2, 'A wonderful serenity has taken possession of my entire soul, like these sweet mornings of spring which I enjoy with my whole heart. I am alone, and feel the charm of existence in this spot, which was created for the bliss of souls like mine. I am so happy,', 'yes', 'me', '2018-01-19 10:01:27'),
(420, 161, 173, 0, 'A wonderful serenity has taken possession of my entire soul, like these sweet mornings of spring which I enjoy with my whole heart. I am alone, and feel the charm of existence in this spot, which was created for the bliss of souls like mine. I am so happy,', 'yes', 'me', '2018-01-19 10:01:27'),
(421, 161, 177, 2, 'A wonderful serenity has taken possession of my entire soul, like these sweet mornings of spring which I enjoy with my whole heart. I am alone, and feel the charm of existence in this spot, which was created for the bliss of souls like mine. I am so happy,', 'yes', 'me', '2018-01-19 10:10:04'),
(422, 161, 173, 0, 'A wonderful serenity has taken possession of my entire soul, like these sweet mornings of spring which I enjoy with my whole heart. I am alone, and feel the charm of existence in this spot, which was created for the bliss of souls like mine. I am so happy,', 'yes', 'me', '2018-01-19 10:10:04'),
(438, 161, 177, 2, 'sadasdad', 'yes', 'me', '2018-01-19 10:27:53'),
(439, 161, 173, 0, 'sadasdad', 'yes', 'me', '2018-01-19 10:27:53'),
(440, 161, 200, 2, 'sadasdad', 'yes', 'me', '2018-01-19 10:27:53'),
(441, 161, 173, 0, 'fsfsdfsdfsdfd', 'yes', 'me', '2018-01-19 11:00:15'),
(442, 161, 200, 2, 'fsfsdfsdfsdfd', 'yes', 'me', '2018-01-19 11:00:15'),
(443, 161, 173, 0, 'dadfsdfsdf', 'yes', 'me', '2018-01-19 11:02:16'),
(444, 161, 200, 2, 'dadfsdfsdf', 'yes', 'me', '2018-01-19 11:02:16'),
(457, 161, 173, 0, 'sadsadsad', 'yes', 'me', '2018-01-19 13:58:12'),
(458, 161, 177, 0, 'test', 'yes', 'me', '2018-01-19 13:58:34'),
(459, 161, 173, 0, 'test', 'yes', 'me', '2018-01-19 13:58:34'),
(460, 161, 200, 2, 'test', 'yes', 'me', '2018-01-19 13:58:34'),
(461, 161, 177, 0, 'test', 'yes', 'me', '2018-01-19 14:01:15'),
(462, 161, 173, 0, 'test', 'yes', 'me', '2018-01-19 14:01:15'),
(463, 161, 200, 1, 'test', 'yes', 'me', '2018-01-19 14:01:15'),
(464, 161, 177, 0, 'Hello there', 'yes', 'me', '2018-01-22 11:50:13'),
(465, 161, 173, 0, 'Hello there', 'yes', 'me', '2018-01-22 11:50:13'),
(466, 161, 200, 0, 'Hello there', 'yes', 'me', '2018-01-22 11:50:13'),
(467, 161, 177, 0, 'test', 'yes', 'me', '2018-01-23 10:23:55'),
(468, 161, 173, 0, 'test', 'yes', 'me', '2018-01-23 10:23:55'),
(469, 161, 200, 1, 'test', 'yes', 'me', '2018-01-23 10:23:55'),
(470, 161, 177, 0, '3e', 'yes', 'me', '2018-01-23 10:26:10'),
(471, 161, 200, 1, '3e', 'yes', 'me', '2018-01-23 10:26:10'),
(472, 161, 173, 0, '3e', 'yes', 'me', '2018-01-23 10:26:10'),
(473, 161, 177, 0, 'Hello there I have a headache.', 'yes', 'me', '2018-01-23 10:32:03'),
(474, 161, 200, 1, 'Hello there I have a headache.', 'yes', 'me', '2018-01-23 10:32:03'),
(475, 161, 173, 0, 'Hello there I have a headache.', 'yes', 'me', '2018-01-23 10:32:03'),
(476, 161, 200, 2, 'fgh', 'yes', 'me', '2018-01-23 10:37:23'),
(477, 161, 173, 0, 'fgh', 'yes', 'me', '2018-01-23 10:37:23'),
(478, 161, 177, 2, 'asdfdsf', 'yes', 'me', '2018-01-23 10:42:32'),
(479, 161, 200, 2, 'asdfdsf', 'yes', 'me', '2018-01-23 10:42:32'),
(480, 161, 173, 0, 'asdfdsf', 'yes', 'me', '2018-01-23 10:42:32'),
(481, 161, 177, 2, 'adsasd', 'yes', 'me', '2018-01-23 10:43:02'),
(482, 161, 200, 2, 'adsasd', 'yes', 'me', '2018-01-23 10:43:02'),
(483, 161, 173, 0, 'adsasd', 'yes', 'me', '2018-01-23 10:43:02'),
(484, 161, 177, 2, 'asdfsdf', 'yes', 'me', '2018-01-23 10:43:44'),
(485, 161, 200, 2, 'asdfsdf', 'yes', 'me', '2018-01-23 10:43:44'),
(486, 161, 173, 0, 'asdfsdf', 'yes', 'me', '2018-01-23 10:43:44'),
(487, 161, 177, 2, 'dfg', 'yes', 'me', '2018-01-23 10:52:49'),
(488, 161, 200, 2, 'dfg', 'yes', 'me', '2018-01-23 10:52:49'),
(489, 161, 173, 0, 'dfg', 'yes', 'me', '2018-01-23 10:52:49'),
(493, 161, 200, 2, 'rdf', 'yes', 'me', '2018-01-23 11:02:55'),
(494, 161, 173, 0, 'rdf', 'yes', 'me', '2018-01-23 11:02:55'),
(495, 161, 200, 0, 'ds', 'yes', 'me', '2018-01-23 11:08:37'),
(496, 161, 173, 0, 'ds', 'yes', 'me', '2018-01-23 11:08:37'),
(497, 161, 200, 0, 'ggyghy', 'yes', 'me', '2018-01-23 11:14:02'),
(498, 161, 173, 0, 'ggyghy', 'yes', 'me', '2018-01-23 11:14:02'),
(509, 201, 173, 0, 'abc', 'yes', 'me', '2018-01-25 09:52:06'),
(510, 201, 173, 0, 'abc', 'yes', 'me', '2018-01-25 09:52:48'),
(511, 201, 173, 0, 'abbc', 'yes', 'me', '2018-01-25 09:53:40'),
(521, 201, 173, 0, 'checking video call', 'yes', 'me', '2018-01-25 11:53:22'),
(526, 161, 169, 0, 'wccw', 'Yes', 'me', '2018-01-25 12:55:58'),
(527, 161, 182, 0, 'wccw', 'Yes', 'me', '2018-01-25 12:55:58'),
(549, 161, 169, 0, 'Mob to mob testing', 'Yes', 'me', '2018-01-25 13:23:52'),
(550, 161, 184, 2, 'Mob to mob testing', 'Yes', 'me', '2018-01-25 13:23:52'),
(551, 161, 182, 0, 'Mob to mob testing', 'Yes', 'me', '2018-01-25 13:23:52'),
(561, 161, 169, 1, 'Mob to mob testing', 'Yes', 'me', '2018-01-25 13:38:30'),
(562, 161, 184, 0, 'Mob to mob testing', 'Yes', 'me', '2018-01-25 13:38:30'),
(563, 161, 182, 0, 'Mob to mob testing', 'Yes', 'me', '2018-01-25 13:38:30'),
(564, 161, 169, 0, '3fr', 'Yes', 'me', '2018-01-25 17:27:57'),
(565, 161, 182, 0, '3fr', 'Yes', 'me', '2018-01-25 17:27:57');

-- --------------------------------------------------------

--
-- Table structure for table `appointment_symptoms`
--

CREATE TABLE IF NOT EXISTS `appointment_symptoms` (
  `id` int(11) NOT NULL AUTO_INCREMENT,
  `p_id` int(11) DEFAULT NULL,
  `appointment_id` int(11) DEFAULT NULL,
  `category` varchar(50) DEFAULT NULL,
  `symptom` varchar(50) DEFAULT NULL,
  PRIMARY KEY (`id`)
) ENGINE=InnoDB  DEFAULT CHARSET=latin1 AUTO_INCREMENT=357 ;

--
-- Dumping data for table `appointment_symptoms`
--

INSERT INTO `appointment_symptoms` (`id`, `p_id`, `appointment_id`, `category`, `symptom`) VALUES
(1, 69, 68, 'skin', 'Bleeding'),
(2, 69, 68, 'skin', 'Itching'),
(3, 69, 68, 'pelvis', 'Frequent urination'),
(4, 69, 68, 'pelvis', 'Heartburn / reflux'),
(5, 69, 68, 'pelvis', 'Penile discharge'),
(6, 69, 68, 'headneck', 'Hearing loss / ringing'),
(7, 69, 68, 'headneck', 'Nasal Discharge'),
(8, 69, 80, 'skin', 'Bleeding'),
(9, 69, 80, 'skin', 'Bleeding'),
(10, 69, 80, 'chest', 'History of smoking'),
(11, 69, 80, 'musclejoints', 'Joint Replacements'),
(12, 69, 80, 'musclejoints', 'Limited Motion'),
(13, 69, 80, 'musclejoints', 'Muscle Pain'),
(14, 69, 80, 'pelvis', 'Testicular pain'),
(15, 69, 80, 'headneck', 'History of fainting / seizure'),
(16, 69, 81, 'skin', 'Bleeding'),
(17, 69, 81, 'musclejoints', 'Joint Replacements'),
(18, 161, 84, 'headneck', 'Allergies'),
(19, 161, 84, 'headneck', 'Ear drainage'),
(20, 161, 84, 'headneck', 'Memory loss'),
(21, 161, 84, 'headneck', 'Nasal Discharge'),
(22, 161, 84, 'headneck', 'Vision changes'),
(23, 161, 85, 'skin', 'Bites'),
(24, 161, 85, 'skin', 'Bleeding'),
(25, 161, 85, 'chest', 'Chest pain'),
(26, 161, 85, 'musclejoints', 'Joint Replacements'),
(27, 161, 85, 'general', 'Fatigue / weakness'),
(28, 161, 85, 'pelvis', 'Constipation'),
(29, 161, 85, 'headneck', 'Congestion/Sinus problem'),
(30, 161, 92, 'skin', 'Bites'),
(31, 161, 99, 'chest', 'Chest pain'),
(32, 161, 100, 'skin', 'Bleeding'),
(33, 181, 121, 'skin', 'Bruising / discoloration'),
(34, 181, 121, 'skin', 'Skin rashes / bumps'),
(35, 181, 121, 'chest', 'History of smoking'),
(36, 181, 121, 'chest', 'Decreased exercise tolerance'),
(37, 181, 121, 'musclejoints', 'Limited Motion'),
(38, 181, 121, 'musclejoints', 'Muscle weakness'),
(39, 181, 121, 'general', 'Difficulty Sleep'),
(40, 181, 121, 'general', 'Fever'),
(41, 181, 121, 'pelvis', 'Diarrhea'),
(42, 181, 121, 'pelvis', 'Frequent urination'),
(43, 181, 121, 'pelvis', 'Discomfort / burning with urination'),
(44, 181, 121, 'headneck', 'Allergies'),
(45, 181, 121, 'headneck', 'Dizzy / lightheaded'),
(46, 181, 122, 'skin', 'Bites'),
(47, 181, 122, 'skin', 'Skin rashes / bumps'),
(48, 181, 122, 'skin', 'Bleeding'),
(49, 181, 122, 'chest', 'History of smoking'),
(50, 181, 122, 'musclejoints', 'Back Pain'),
(51, 181, 122, 'general', 'Fever'),
(52, 181, 122, 'general', 'Loss of appetite'),
(53, 181, 122, 'pelvis', 'Frequent urination'),
(54, 181, 122, 'pelvis', 'Testicular pain'),
(55, 181, 122, 'pelvis', 'Testicular swelling'),
(56, 181, 122, 'headneck', 'Hearing loss / ringing'),
(57, 181, 122, 'headneck', 'History of falls'),
(58, 181, 123, 'skin', 'Skin rashes / bumps'),
(59, 181, 123, 'skin', 'Bleeding'),
(60, 181, 123, 'musclejoints', 'Limited Motion'),
(61, 181, 123, 'musclejoints', 'Muscle weakness'),
(62, 181, 123, 'general', 'Fever'),
(63, 181, 123, 'general', 'Weight loss'),
(64, 181, 123, 'pelvis', 'History of STIs'),
(65, 181, 123, 'pelvis', 'Sore Throat'),
(66, 181, 123, 'headneck', 'Numberness / tingling'),
(67, 181, 123, 'headneck', 'Vision changes'),
(68, 181, 124, 'skin', 'Bruising / discoloration'),
(69, 181, 124, 'skin', 'Skin rashes / bumps'),
(70, 181, 124, 'chest', 'History of smoking'),
(71, 181, 124, 'chest', 'Shortness of breath'),
(72, 181, 124, 'musclejoints', 'Muscle weakness'),
(73, 181, 124, 'general', 'Difficulty Sleep'),
(74, 181, 124, 'general', 'Fever'),
(75, 181, 124, 'pelvis', 'Digestive tract'),
(76, 181, 124, 'pelvis', 'History of STIs'),
(77, 181, 124, 'headneck', 'History of falls'),
(78, 181, 125, 'skin', 'Bruising / discoloration'),
(79, 181, 125, 'skin', 'Skin rashes / bumps'),
(80, 181, 125, 'chest', 'History of smoking'),
(81, 181, 125, 'chest', 'Decreased exercise tolerance'),
(82, 181, 125, 'musclejoints', 'Back Pain'),
(83, 181, 125, 'musclejoints', 'Limited Motion'),
(84, 181, 125, 'general', 'Loss of appetite'),
(85, 181, 125, 'general', 'Weight loss'),
(86, 181, 125, 'pelvis', 'Diarrhea'),
(87, 181, 125, 'pelvis', 'Frequent urination'),
(88, 181, 125, 'headneck', 'Hearing loss / ringing'),
(89, 181, 125, 'headneck', 'Memory loss'),
(90, 181, 126, 'skin', 'Bruising / discoloration'),
(91, 181, 126, 'skin', 'Skin rashes / bumps'),
(92, 181, 126, 'chest', 'History of smoking'),
(93, 181, 126, 'chest', 'Decreased exercise tolerance'),
(94, 181, 126, 'musclejoints', 'Back Pain'),
(95, 181, 126, 'musclejoints', 'Muscle weakness'),
(96, 181, 126, 'general', 'Fever'),
(97, 181, 126, 'general', 'Weight loss'),
(98, 181, 126, 'pelvis', 'Digestive tract'),
(99, 181, 126, 'pelvis', 'History of STIs'),
(100, 181, 126, 'headneck', 'History of falls'),
(101, 181, 126, 'headneck', 'Numberness / tingling'),
(102, 181, 127, 'skin', 'Bruising / discoloration'),
(103, 181, 127, 'skin', 'Skin rashes / bumps'),
(104, 181, 127, 'chest', 'History of smoking'),
(105, 181, 127, 'musclejoints', 'Back Pain'),
(106, 181, 127, 'musclejoints', 'Limited Motion'),
(107, 181, 127, 'general', 'Difficulty Sleep'),
(108, 181, 127, 'general', 'Loss of appetite'),
(109, 181, 127, 'pelvis', 'Digestive tract'),
(110, 181, 127, 'pelvis', 'Nausea / vomiting'),
(111, 181, 127, 'headneck', 'Hearing loss / ringing'),
(112, 181, 128, 'skin', 'Skin rashes / bumps'),
(113, 181, 128, 'skin', 'Bleeding'),
(114, 181, 128, 'chest', 'History of smoking'),
(115, 181, 128, 'chest', 'Shortness of breath'),
(116, 181, 128, 'musclejoints', 'Back Pain'),
(117, 181, 128, 'general', 'Difficulty Sleep'),
(118, 181, 128, 'pelvis', 'Nausea / vomiting'),
(119, 181, 128, 'headneck', 'Allergies'),
(120, 181, 129, 'chest', 'History of smoking'),
(121, 181, 129, 'musclejoints', 'Back Pain'),
(122, 181, 129, 'general', 'Difficulty Sleep'),
(123, 181, 129, 'pelvis', 'Sore Throat'),
(124, 181, 129, 'headneck', 'Memory loss'),
(125, 181, 130, 'skin', 'Skin rashes / bumps'),
(126, 181, 130, 'chest', 'Shortness of breath'),
(127, 181, 130, 'musclejoints', 'Back Pain'),
(128, 181, 130, 'general', 'Loss of appetite'),
(129, 181, 130, 'pelvis', 'History of STIs'),
(130, 181, 130, 'headneck', 'Numberness / tingling'),
(131, 181, 131, 'skin', 'Skin rashes / bumps'),
(132, 181, 131, 'chest', 'History of smoking'),
(133, 181, 131, 'musclejoints', 'Limited Motion'),
(134, 181, 131, 'general', 'Fever'),
(135, 181, 131, 'headneck', 'Hearing loss / ringing'),
(136, 181, 132, 'skin', 'Bleeding'),
(137, 181, 132, 'chest', 'History of smoking'),
(138, 181, 132, 'musclejoints', 'Muscle weakness'),
(139, 181, 132, 'general', 'Difficulty Sleep'),
(140, 181, 132, 'pelvis', 'History of STIs'),
(141, 181, 132, 'headneck', 'Memory loss'),
(142, 181, 133, 'skin', 'Skin rashes / bumps'),
(143, 181, 133, 'chest', 'Shortness of breath'),
(144, 181, 133, 'musclejoints', 'Muscle weakness'),
(145, 181, 133, 'general', 'Fever'),
(146, 181, 133, 'pelvis', 'Sore Throat'),
(147, 181, 133, 'headneck', 'Dizzy / lightheaded'),
(148, 183, 161, 'skin', 'Bruising / discoloration'),
(149, 183, 161, 'skin', 'Bleeding'),
(150, 183, 161, 'chest', 'History of smoking'),
(151, 183, 161, 'musclejoints', 'Limited Motion'),
(152, 183, 161, 'general', 'Fever'),
(153, 183, 161, 'headneck', 'Hearing loss / ringing'),
(154, 161, 137, 'headneck', 'Vision changes'),
(155, 161, 138, 'skin', 'Bites'),
(156, 161, 157, 'skin', 'Bites'),
(157, 161, 155, 'skin', 'Bites'),
(158, 161, 155, 'chest', 'Cough'),
(159, 161, 155, 'chest', 'Sputum'),
(160, 161, 155, 'general', 'Difficulty Sleep'),
(161, 161, 155, 'general', 'Foreign travel (past month)'),
(162, 161, 157, 'skin', 'Bites'),
(163, 161, 157, 'skin', 'Bruising / discoloration'),
(164, 161, 157, 'chest', 'Palpitations'),
(165, 161, 157, 'musclejoints', 'Limited Motion'),
(166, 161, 157, 'skin', 'Bites'),
(167, 161, 158, 'skin', 'Bites'),
(168, 161, 158, 'skin', 'Bruising / discoloration'),
(169, 161, 158, 'headneck', 'Allergies'),
(170, 161, 159, 'skin', 'Bites'),
(171, 161, 159, 'skin', 'Bites'),
(172, 178, 162, 'skin', 'Bites'),
(173, 178, 162, 'skin', 'Skin rashes / bumps'),
(174, 178, 162, 'skin', 'Bleeding'),
(175, 178, 163, 'skin', 'Bites'),
(176, 178, 163, 'skin', 'Skin rashes / bumps'),
(177, 178, 163, 'skin', 'Bleeding'),
(178, 178, 164, 'skin', 'Bleeding'),
(179, 178, 167, 'skin', 'Bites'),
(180, 178, 167, 'skin', 'Bruising / discoloration'),
(181, 178, 167, 'skin', 'Bruising / discoloration'),
(182, 178, 167, 'skin', 'Skin rashes / bumps'),
(183, 178, 168, 'skin', 'Skin rashes / bumps'),
(184, 178, 169, 'chest', 'Chest pain'),
(185, 178, 169, 'chest', 'History of smoking'),
(186, 178, 169, 'chest', 'Shortness of breath'),
(187, 178, 169, 'musclejoints', 'Back Pain'),
(188, 178, 169, 'musclejoints', 'Limited Motion'),
(189, 178, 169, 'musclejoints', 'Muscle weakness'),
(190, 178, 169, 'general', 'Difficulty Sleep'),
(191, 178, 169, 'general', 'Fever'),
(192, 178, 169, 'pelvis', 'Blood in urine'),
(193, 178, 169, 'pelvis', 'Diarrhea'),
(194, 178, 172, 'skin', 'Bruising / discoloration'),
(195, 188, 173, 'skin', 'Bites'),
(196, 188, 173, 'skin', 'Itching'),
(197, 188, 173, 'skin', 'Bleeding'),
(198, 187, 174, 'headneck', 'Sore Throat'),
(199, 187, 174, 'headneck', 'Vision changes'),
(200, 187, 175, 'chest', 'Chest pain'),
(201, 187, 175, 'pelvis', 'Discomfort / burning with urination'),
(202, 187, 176, 'skin', 'Bites'),
(203, 187, 176, 'skin', 'Bleeding'),
(204, 187, 176, 'skin', 'Bruising / discoloration'),
(205, 187, 176, 'skin', 'Itching'),
(206, 187, 176, 'skin', 'Skin rashes / bumps'),
(207, 187, 176, 'skin', 'Bleeding'),
(208, 187, 176, 'skin', 'Bleeding'),
(209, 187, 176, 'skin', 'Bleeding'),
(210, 187, 176, 'skin', 'Bleeding'),
(211, 187, 176, 'chest', 'Chest pain'),
(212, 187, 176, 'chest', 'Cough'),
(213, 187, 176, 'chest', 'History of smoking'),
(214, 187, 176, 'chest', 'Palpitations'),
(215, 187, 176, 'chest', 'Shortness of breath'),
(216, 187, 176, 'chest', 'Sputum'),
(217, 187, 176, 'chest', 'Decreased exercise tolerance'),
(218, 187, 176, 'musclejoints', 'Back Pain'),
(219, 187, 176, 'musclejoints', 'Joint Replacements'),
(220, 187, 176, 'musclejoints', 'Limited Motion'),
(221, 187, 176, 'musclejoints', 'Muscle Pain'),
(222, 187, 176, 'musclejoints', 'Muscle weakness'),
(223, 187, 176, 'musclejoints', 'Swelling'),
(224, 187, 176, 'general', 'Difficulty Sleep'),
(225, 187, 176, 'general', 'Fatigue / weakness'),
(226, 187, 176, 'general', 'Fever'),
(227, 187, 176, 'general', 'Foreign travel (past month)'),
(228, 187, 176, 'general', 'Loss of appetite'),
(229, 187, 176, 'general', 'Mood changes'),
(230, 187, 176, 'general', 'Weight loss'),
(231, 187, 176, 'general', 'Hospitalised (past six months)'),
(232, 187, 176, 'pelvis', 'Blood in urine'),
(233, 187, 176, 'pelvis', 'Constipation'),
(234, 187, 176, 'pelvis', 'Diarrhea'),
(235, 187, 176, 'pelvis', 'Difficulty / pain swallowing'),
(236, 187, 176, 'pelvis', 'Digestive tract'),
(237, 187, 176, 'pelvis', 'Flank pain'),
(238, 187, 176, 'pelvis', 'Frequent urination'),
(239, 187, 176, 'pelvis', 'Heartburn / reflux'),
(240, 187, 176, 'pelvis', 'History of STIs'),
(241, 187, 176, 'pelvis', 'irregular periods'),
(242, 187, 176, 'pelvis', 'Nausea / vomiting'),
(243, 187, 176, 'pelvis', 'Penile discharge'),
(244, 187, 176, 'pelvis', 'Sore Throat'),
(245, 187, 176, 'pelvis', 'Testicular pain'),
(246, 187, 176, 'pelvis', 'Testicular swelling'),
(247, 187, 176, 'pelvis', 'Vaginal bleeding'),
(248, 187, 176, 'pelvis', 'Vaginal discharge'),
(249, 187, 176, 'pelvis', 'Abdominal pain / discomfort'),
(250, 187, 176, 'pelvis', 'Discomfort / burning with urination'),
(251, 187, 176, 'headneck', 'Allergies'),
(252, 187, 176, 'headneck', 'Congestion/Sinus problem'),
(253, 187, 176, 'headneck', 'Dizzy / lightheaded'),
(254, 187, 176, 'headneck', 'Ear drainage'),
(255, 187, 176, 'headneck', 'Hearing loss / ringing'),
(256, 187, 176, 'headneck', 'History of fainting / seizure'),
(257, 187, 176, 'headneck', 'History of falls'),
(258, 187, 176, 'headneck', 'History of stroke'),
(259, 187, 176, 'headneck', 'Memory loss'),
(260, 187, 176, 'headneck', 'Nasal Discharge'),
(261, 187, 176, 'headneck', 'Numberness / tingling'),
(262, 187, 176, 'headneck', 'Sore Throat'),
(263, 187, 176, 'headneck', 'Vision changes'),
(264, 187, 178, 'headneck', 'Dizzy / lightheaded'),
(265, 187, 179, 'headneck', 'Vision changes'),
(266, 187, 180, 'headneck', 'Vision changes'),
(267, 187, 181, 'pelvis', 'Vaginal discharge'),
(268, 187, 182, 'chest', 'Chest pain'),
(269, 187, 182, 'headneck', 'Vision changes'),
(270, 187, 182, 'headneck', 'Numberness / tingling'),
(271, 187, 182, 'headneck', 'Vision changes'),
(272, 187, 183, 'skin', 'Bites'),
(273, 187, 184, 'general', 'Difficulty Sleep'),
(274, 187, 185, 'headneck', 'History of falls'),
(275, 187, 186, 'musclejoints', 'Limited Motion'),
(276, 187, 187, 'chest', 'Decreased exercise tolerance'),
(277, 187, 188, 'headneck', 'Numberness / tingling'),
(278, 187, 189, 'chest', 'Chest pain'),
(279, 187, 190, 'headneck', 'Numberness / tingling'),
(280, 187, 190, 'headneck', 'Vision changes'),
(281, 188, 191, 'headneck', 'Congestion/Sinus problem'),
(282, 188, 191, 'headneck', 'Dizzy / lightheaded'),
(283, 188, 191, 'headneck', 'Nasal Discharge'),
(284, 188, 191, 'headneck', 'Vision changes'),
(285, 187, 192, 'headneck', 'Allergies'),
(286, 188, 198, 'skin', 'Bruising / discoloration'),
(287, 188, 198, 'skin', 'Itching'),
(288, 188, 198, 'skin', 'Bleeding'),
(289, 188, 198, 'chest', 'Chest pain'),
(290, 188, 198, 'musclejoints', 'Muscle Pain'),
(291, 188, 198, 'musclejoints', 'Muscle weakness'),
(292, 188, 198, 'pelvis', 'Difficulty / pain swallowing'),
(293, 188, 198, 'pelvis', 'Frequent urination'),
(294, 188, 198, 'pelvis', 'irregular periods'),
(295, 188, 198, 'pelvis', 'Testicular swelling'),
(296, 188, 198, 'headneck', 'Ear drainage'),
(297, 188, 198, 'headneck', 'History of falls'),
(298, 187, 193, 'headneck', 'History of falls'),
(299, 188, 194, 'skin', 'Bruising / discoloration'),
(300, 188, 194, 'pelvis', 'Diarrhea'),
(301, 188, 194, 'pelvis', 'Frequent urination'),
(302, 188, 194, 'headneck', 'History of fainting / seizure'),
(303, 188, 194, 'headneck', 'Numberness / tingling'),
(304, 187, 200, 'headneck', 'Vision changes'),
(305, 187, 202, 'headneck', 'Vision changes'),
(306, 187, 205, 'headneck', 'Allergies'),
(307, 187, 205, 'headneck', 'Dizzy / lightheaded'),
(308, 187, 205, 'headneck', 'Vision changes'),
(309, 161, 210, 'skin', 'Bites'),
(310, 188, 206, 'skin', 'Bruising / discoloration'),
(311, 188, 206, 'skin', 'Bleeding'),
(312, 188, 206, 'chest', 'Chest pain'),
(313, 188, 206, 'musclejoints', 'Back Pain'),
(314, 188, 206, 'musclejoints', 'Muscle Pain'),
(315, 188, 207, 'chest', 'Chest pain'),
(316, 188, 207, 'musclejoints', 'Back Pain'),
(317, 188, 207, 'musclejoints', 'Muscle Pain'),
(318, 188, 207, 'general', 'Difficulty Sleep'),
(319, 188, 207, 'general', 'Fever'),
(320, 188, 208, 'skin', 'Bleeding'),
(321, 188, 208, 'skin', 'Bleeding'),
(322, 188, 208, 'chest', 'Chest pain'),
(323, 188, 208, 'chest', 'Decreased exercise tolerance'),
(324, 188, 208, 'musclejoints', 'Back Pain'),
(325, 188, 208, 'musclejoints', 'Muscle Pain'),
(326, 188, 208, 'general', 'Fatigue / weakness'),
(327, 188, 208, 'general', 'Fever'),
(328, 188, 209, 'chest', 'Cough'),
(329, 188, 209, 'chest', 'Shortness of breath'),
(330, 188, 209, 'general', 'Fatigue / weakness'),
(331, 188, 209, 'headneck', 'Congestion/Sinus problem'),
(332, 188, 209, 'headneck', 'Dizzy / lightheaded'),
(333, 161, 210, 'skin', 'Bites'),
(334, 198, 211, 'general', 'Fatigue / weakness'),
(335, 198, 212, 'general', 'Fever'),
(336, 161, 240, 'skin', 'Bites'),
(337, 161, 240, 'skin', 'Bruising / discoloration'),
(338, 161, 240, 'chest', 'Decreased exercise tolerance'),
(339, 161, 241, 'skin', 'Bites'),
(340, 161, 241, 'skin', 'Bruising / discoloration'),
(341, 161, 244, 'skin', 'Bites'),
(342, 161, 249, 'skin', 'Bites'),
(343, 161, 249, 'skin', 'Bites'),
(344, 161, 250, 'skin', 'Bites'),
(345, 161, 251, 'skin', 'Bites'),
(346, 161, 252, 'skin', 'Bites'),
(347, 161, 253, 'skin', 'Bites'),
(348, 161, 254, 'skin', 'Itching'),
(349, 161, 255, 'skin', 'Bites'),
(350, 161, 256, 'skin', 'Bites'),
(351, 161, 256, 'skin', 'Bites'),
(352, 161, 256, 'skin', 'Bites'),
(353, 161, 257, 'skin', 'Bites'),
(354, 161, 258, 'skin', 'Bites'),
(355, 161, 260, 'skin', 'Bites'),
(356, 161, 260, 'skin', 'Bites');

-- --------------------------------------------------------

--
-- Table structure for table `available_doctor_days`
--

CREATE TABLE IF NOT EXISTS `available_doctor_days` (
  `id` int(11) NOT NULL AUTO_INCREMENT,
  `day_id` int(11) NOT NULL,
  `user_id` int(11) NOT NULL,
  `timing` tinyint(1) NOT NULL DEFAULT '1' COMMENT '1 = fixed, 2 = flexible',
  `fixed_from_time` time NOT NULL,
  `fixed_to_time` time NOT NULL,
  `flexible_from_time` time NOT NULL,
  `flexible_to_time` time NOT NULL,
  PRIMARY KEY (`id`)
) ENGINE=InnoDB  DEFAULT CHARSET=latin1 AUTO_INCREMENT=234 ;

--
-- Dumping data for table `available_doctor_days`
--

INSERT INTO `available_doctor_days` (`id`, `day_id`, `user_id`, `timing`, `fixed_from_time`, `fixed_to_time`, `flexible_from_time`, `flexible_to_time`) VALUES
(3, 4, 125, 1, '00:00:00', '00:00:00', '00:00:00', '00:00:00'),
(4, 1, 126, 1, '00:00:00', '00:00:00', '00:00:00', '00:00:00'),
(5, 2, 126, 1, '00:00:00', '00:00:00', '00:00:00', '00:00:00'),
(6, 5, 126, 1, '00:00:00', '00:00:00', '00:00:00', '00:00:00'),
(7, 2, 128, 1, '00:00:00', '00:00:00', '00:00:00', '00:00:00'),
(8, 1, 133, 1, '00:00:00', '00:00:00', '00:00:00', '00:00:00'),
(9, 2, 133, 1, '00:00:00', '00:00:00', '00:00:00', '00:00:00'),
(10, 3, 133, 1, '00:00:00', '00:00:00', '00:00:00', '00:00:00'),
(11, 1, 135, 1, '00:00:00', '00:00:00', '00:00:00', '00:00:00'),
(12, 2, 135, 1, '00:00:00', '00:00:00', '00:00:00', '00:00:00'),
(13, 1, 136, 1, '00:00:00', '00:00:00', '00:00:00', '00:00:00'),
(14, 5, 136, 1, '00:00:00', '00:00:00', '00:00:00', '00:00:00'),
(15, 6, 136, 1, '00:00:00', '00:00:00', '00:00:00', '00:00:00'),
(16, 1, 138, 1, '00:00:00', '00:00:00', '00:00:00', '00:00:00'),
(17, 3, 138, 1, '00:00:00', '00:00:00', '00:00:00', '00:00:00'),
(18, 3, 139, 1, '00:00:00', '00:00:00', '00:00:00', '00:00:00'),
(19, 4, 139, 1, '00:00:00', '00:00:00', '00:00:00', '00:00:00'),
(20, 5, 139, 1, '00:00:00', '00:00:00', '00:00:00', '00:00:00'),
(21, 1, 140, 1, '00:00:00', '00:00:00', '00:00:00', '00:00:00'),
(22, 3, 140, 1, '00:00:00', '00:00:00', '00:00:00', '00:00:00'),
(23, 4, 141, 1, '00:00:00', '00:00:00', '00:00:00', '00:00:00'),
(24, 5, 141, 1, '00:00:00', '00:00:00', '00:00:00', '00:00:00'),
(25, 1, 142, 1, '00:00:00', '00:00:00', '00:00:00', '00:00:00'),
(26, 3, 142, 1, '00:00:00', '00:00:00', '00:00:00', '00:00:00'),
(27, 5, 143, 1, '00:00:00', '00:00:00', '00:00:00', '00:00:00'),
(28, 7, 143, 1, '00:00:00', '00:00:00', '00:00:00', '00:00:00'),
(29, 5, 144, 1, '00:00:00', '00:00:00', '00:00:00', '00:00:00'),
(30, 7, 144, 1, '00:00:00', '00:00:00', '00:00:00', '00:00:00'),
(31, 1, 145, 1, '00:00:00', '00:00:00', '00:00:00', '00:00:00'),
(32, 3, 145, 1, '00:00:00', '00:00:00', '00:00:00', '00:00:00'),
(33, 4, 145, 1, '00:00:00', '00:00:00', '00:00:00', '00:00:00'),
(34, 5, 146, 1, '00:00:00', '00:00:00', '00:00:00', '00:00:00'),
(35, 7, 146, 1, '00:00:00', '00:00:00', '00:00:00', '00:00:00'),
(36, 1, 147, 1, '00:00:00', '00:00:00', '00:00:00', '00:00:00'),
(37, 3, 147, 1, '00:00:00', '00:00:00', '00:00:00', '00:00:00'),
(38, 3, 148, 1, '00:00:00', '00:00:00', '00:00:00', '00:00:00'),
(39, 5, 148, 1, '00:00:00', '00:00:00', '00:00:00', '00:00:00'),
(40, 6, 148, 1, '00:00:00', '00:00:00', '00:00:00', '00:00:00'),
(41, 1, 151, 1, '00:00:00', '00:00:00', '00:00:00', '00:00:00'),
(42, 3, 151, 1, '00:00:00', '00:00:00', '00:00:00', '00:00:00'),
(43, 1, 154, 1, '00:00:00', '00:00:00', '00:00:00', '00:00:00'),
(44, 2, 154, 1, '00:00:00', '00:00:00', '00:00:00', '00:00:00'),
(45, 3, 154, 1, '00:00:00', '00:00:00', '00:00:00', '00:00:00'),
(46, 5, 154, 1, '00:00:00', '00:00:00', '00:00:00', '00:00:00'),
(47, 6, 154, 1, '00:00:00', '00:00:00', '00:00:00', '00:00:00'),
(48, 7, 154, 1, '00:00:00', '00:00:00', '00:00:00', '00:00:00'),
(49, 1, 156, 1, '00:00:00', '00:00:00', '00:00:00', '00:00:00'),
(50, 2, 156, 1, '00:00:00', '00:00:00', '00:00:00', '00:00:00'),
(51, 3, 156, 1, '00:00:00', '00:00:00', '00:00:00', '00:00:00'),
(52, 4, 156, 1, '00:00:00', '00:00:00', '00:00:00', '00:00:00'),
(53, 5, 156, 1, '00:00:00', '00:00:00', '00:00:00', '00:00:00'),
(54, 7, 156, 1, '00:00:00', '00:00:00', '00:00:00', '00:00:00'),
(55, 1, 157, 1, '00:00:00', '00:00:00', '00:00:00', '00:00:00'),
(56, 3, 157, 1, '00:00:00', '00:00:00', '00:00:00', '00:00:00'),
(57, 1, 158, 1, '00:00:00', '00:00:00', '00:00:00', '00:00:00'),
(58, 2, 158, 1, '00:00:00', '00:00:00', '00:00:00', '00:00:00'),
(59, 4, 158, 1, '00:00:00', '00:00:00', '00:00:00', '00:00:00'),
(60, 1, 160, 1, '00:00:00', '00:00:00', '00:00:00', '00:00:00'),
(61, 2, 160, 1, '00:00:00', '00:00:00', '00:00:00', '00:00:00'),
(62, 1, 165, 1, '00:00:00', '00:00:00', '00:00:00', '00:00:00'),
(71, 2, 81, 1, '00:00:00', '00:00:00', '00:00:00', '00:00:00'),
(72, 3, 81, 1, '00:00:00', '00:00:00', '00:00:00', '00:00:00'),
(73, 5, 81, 1, '00:00:00', '00:00:00', '00:00:00', '00:00:00'),
(74, 1, 168, 1, '00:00:00', '00:00:00', '00:00:00', '00:00:00'),
(75, 2, 168, 1, '00:00:00', '00:00:00', '00:00:00', '00:00:00'),
(76, 3, 168, 1, '00:00:00', '00:00:00', '00:00:00', '00:00:00'),
(77, 1, 169, 1, '00:00:00', '00:00:00', '00:00:00', '00:00:00'),
(78, 2, 169, 1, '00:00:00', '00:00:00', '00:00:00', '00:00:00'),
(79, 3, 169, 1, '00:00:00', '00:00:00', '00:00:00', '00:00:00'),
(80, 4, 169, 1, '00:00:00', '00:00:00', '00:00:00', '00:00:00'),
(81, 5, 169, 1, '00:00:00', '00:00:00', '00:00:00', '00:00:00'),
(82, 1, 170, 1, '00:00:00', '00:00:00', '00:00:00', '00:00:00'),
(83, 2, 170, 1, '00:00:00', '00:00:00', '00:00:00', '00:00:00'),
(84, 1, 171, 1, '00:00:00', '00:00:00', '00:00:00', '00:00:00'),
(85, 2, 171, 1, '00:00:00', '00:00:00', '00:00:00', '00:00:00'),
(86, 1, 172, 1, '00:00:00', '00:00:00', '00:00:00', '00:00:00'),
(87, 2, 172, 1, '00:00:00', '00:00:00', '00:00:00', '00:00:00'),
(88, 1, 173, 1, '00:00:00', '00:00:00', '00:00:00', '00:00:00'),
(89, 3, 173, 1, '00:00:00', '00:00:00', '00:00:00', '00:00:00'),
(90, 1, 174, 1, '00:00:00', '00:00:00', '00:00:00', '00:00:00'),
(91, 2, 174, 1, '00:00:00', '00:00:00', '00:00:00', '00:00:00'),
(92, 3, 174, 1, '00:00:00', '00:00:00', '00:00:00', '00:00:00'),
(93, 6, 175, 1, '00:00:00', '00:00:00', '00:00:00', '00:00:00'),
(94, 7, 175, 1, '00:00:00', '00:00:00', '00:00:00', '00:00:00'),
(95, 1, 176, 1, '00:00:00', '00:00:00', '00:00:00', '00:00:00'),
(96, 2, 176, 1, '00:00:00', '00:00:00', '00:00:00', '00:00:00'),
(97, 3, 176, 1, '00:00:00', '00:00:00', '00:00:00', '00:00:00'),
(98, 4, 176, 1, '00:00:00', '00:00:00', '00:00:00', '00:00:00'),
(104, 2, 179, 1, '00:00:00', '00:00:00', '00:00:00', '00:00:00'),
(105, 3, 179, 1, '00:00:00', '00:00:00', '00:00:00', '00:00:00'),
(106, 4, 179, 1, '00:00:00', '00:00:00', '00:00:00', '00:00:00'),
(107, 1, 182, 1, '00:00:00', '00:00:00', '00:00:00', '00:00:00'),
(108, 2, 182, 1, '00:00:00', '00:00:00', '00:00:00', '00:00:00'),
(109, 3, 182, 1, '00:00:00', '00:00:00', '00:00:00', '00:00:00'),
(110, 4, 182, 1, '00:00:00', '00:00:00', '00:00:00', '00:00:00'),
(111, 5, 182, 1, '00:00:00', '00:00:00', '00:00:00', '00:00:00'),
(112, 6, 182, 1, '00:00:00', '00:00:00', '00:00:00', '00:00:00'),
(113, 7, 182, 1, '00:00:00', '00:00:00', '00:00:00', '00:00:00'),
(121, 1, 185, 1, '00:00:00', '00:00:00', '00:00:00', '00:00:00'),
(122, 5, 185, 1, '00:00:00', '00:00:00', '00:00:00', '00:00:00'),
(123, 7, 185, 1, '00:00:00', '00:00:00', '00:00:00', '00:00:00'),
(132, 1, 190, 1, '00:00:00', '00:00:00', '00:00:00', '00:00:00'),
(133, 2, 190, 1, '00:00:00', '00:00:00', '00:00:00', '00:00:00'),
(134, 5, 190, 1, '00:00:00', '00:00:00', '00:00:00', '00:00:00'),
(135, 6, 190, 1, '00:00:00', '00:00:00', '00:00:00', '00:00:00'),
(136, 1, 191, 1, '00:00:00', '00:00:00', '00:00:00', '00:00:00'),
(137, 2, 191, 1, '00:00:00', '00:00:00', '00:00:00', '00:00:00'),
(138, 6, 191, 1, '00:00:00', '00:00:00', '00:00:00', '00:00:00'),
(139, 7, 191, 1, '00:00:00', '00:00:00', '00:00:00', '00:00:00'),
(140, 1, 186, 1, '00:00:00', '00:00:00', '00:00:00', '00:00:00'),
(141, 2, 186, 1, '00:00:00', '00:00:00', '00:00:00', '00:00:00'),
(142, 3, 186, 1, '00:00:00', '00:00:00', '00:00:00', '00:00:00'),
(143, 4, 186, 1, '00:00:00', '00:00:00', '00:00:00', '00:00:00'),
(144, 5, 186, 1, '00:00:00', '00:00:00', '00:00:00', '00:00:00'),
(145, 6, 186, 1, '00:00:00', '00:00:00', '00:00:00', '00:00:00'),
(146, 7, 186, 1, '00:00:00', '00:00:00', '00:00:00', '00:00:00'),
(147, 1, 194, 1, '00:00:00', '00:00:00', '00:00:00', '00:00:00'),
(148, 2, 194, 1, '00:00:00', '00:00:00', '00:00:00', '00:00:00'),
(149, 3, 194, 1, '00:00:00', '00:00:00', '00:00:00', '00:00:00'),
(150, 4, 194, 1, '00:00:00', '00:00:00', '00:00:00', '00:00:00'),
(151, 5, 194, 1, '00:00:00', '00:00:00', '00:00:00', '00:00:00'),
(152, 1, 195, 1, '00:00:00', '00:00:00', '00:00:00', '00:00:00'),
(153, 2, 195, 1, '00:00:00', '00:00:00', '00:00:00', '00:00:00'),
(154, 3, 195, 1, '00:00:00', '00:00:00', '00:00:00', '00:00:00'),
(155, 4, 195, 1, '00:00:00', '00:00:00', '00:00:00', '00:00:00'),
(156, 5, 195, 1, '00:00:00', '00:00:00', '00:00:00', '00:00:00'),
(157, 6, 195, 1, '00:00:00', '00:00:00', '00:00:00', '00:00:00'),
(158, 7, 195, 1, '00:00:00', '00:00:00', '00:00:00', '00:00:00'),
(159, 1, 196, 1, '00:00:00', '00:00:00', '00:00:00', '00:00:00'),
(160, 1, 197, 1, '00:00:00', '00:00:00', '00:00:00', '00:00:00'),
(185, 1, 189, 1, '12:00:00', '12:00:00', '00:00:00', '00:00:00'),
(186, 2, 189, 1, '12:00:00', '12:00:00', '00:00:00', '00:00:00'),
(187, 3, 189, 1, '09:45:00', '09:45:00', '00:00:00', '00:00:00'),
(188, 4, 189, 2, '09:45:00', '09:45:00', '09:45:00', '09:45:00'),
(189, 5, 189, 2, '09:45:00', '09:45:00', '09:45:00', '09:45:00'),
(190, 6, 189, 1, '12:00:00', '12:00:00', '00:00:00', '00:00:00'),
(191, 7, 189, 1, '12:00:00', '12:00:00', '00:00:00', '00:00:00'),
(197, 1, 200, 1, '12:00:00', '12:00:00', '00:00:00', '00:00:00'),
(198, 2, 200, 1, '12:00:00', '12:00:00', '00:00:00', '00:00:00'),
(199, 3, 200, 1, '12:00:00', '12:00:00', '00:00:00', '00:00:00'),
(200, 4, 200, 1, '12:00:00', '12:00:00', '00:00:00', '00:00:00'),
(201, 5, 200, 1, '12:00:00', '12:00:00', '00:00:00', '00:00:00'),
(202, 6, 200, 1, '12:00:00', '12:00:00', '00:00:00', '00:00:00'),
(203, 7, 200, 1, '12:00:00', '12:00:00', '00:00:00', '00:00:00'),
(217, 1, 184, 1, '12:00:00', '12:00:00', '00:00:00', '00:00:00'),
(218, 2, 184, 1, '12:00:00', '12:00:00', '00:00:00', '00:00:00'),
(219, 3, 184, 1, '12:00:00', '12:00:00', '00:00:00', '00:00:00'),
(220, 4, 184, 1, '12:00:00', '12:00:00', '00:00:00', '00:00:00'),
(221, 5, 184, 1, '12:00:00', '12:00:00', '00:00:00', '00:00:00'),
(222, 6, 184, 1, '12:00:00', '12:00:00', '00:00:00', '00:00:00'),
(223, 7, 184, 1, '12:00:00', '12:00:00', '00:00:00', '00:00:00'),
(224, 1, 177, 1, '12:00:00', '12:00:00', '00:00:00', '00:00:00'),
(225, 2, 177, 1, '12:00:00', '12:00:00', '00:00:00', '00:00:00'),
(226, 3, 177, 1, '12:00:00', '12:00:00', '00:00:00', '00:00:00'),
(227, 4, 177, 1, '12:00:00', '12:00:00', '00:00:00', '00:00:00'),
(228, 5, 177, 1, '12:00:00', '12:00:00', '00:00:00', '00:00:00'),
(229, 1, 203, 1, '00:00:00', '00:00:00', '00:00:00', '00:00:00'),
(230, 2, 203, 1, '00:00:00', '00:00:00', '00:00:00', '00:00:00'),
(231, 3, 203, 1, '00:00:00', '00:00:00', '00:00:00', '00:00:00'),
(232, 1, 204, 1, '00:00:00', '00:00:00', '00:00:00', '00:00:00'),
(233, 4, 204, 1, '00:00:00', '00:00:00', '00:00:00', '00:00:00');

-- --------------------------------------------------------

--
-- Table structure for table `card_info`
--

CREATE TABLE IF NOT EXISTS `card_info` (
  `id` int(11) NOT NULL AUTO_INCREMENT,
  `user_id` int(11) NOT NULL,
  `cc_number` bigint(255) NOT NULL,
  `cc_csv_number` int(100) NOT NULL,
  `cc_exp_date` date NOT NULL,
  PRIMARY KEY (`id`)
) ENGINE=InnoDB  DEFAULT CHARSET=latin1 AUTO_INCREMENT=165 ;

--
-- Dumping data for table `card_info`
--

INSERT INTO `card_info` (`id`, `user_id`, `cc_number`, `cc_csv_number`, `cc_exp_date`) VALUES
(1, 10, 0, 0, '0000-00-00'),
(2, 11, 0, 0, '0000-00-00'),
(3, 12, 0, 0, '2021-01-01'),
(4, 13, 0, 0, '0000-00-00'),
(5, 16, 0, 0, '0000-00-00'),
(6, 17, 0, 0, '0000-00-00'),
(7, 18, 0, 0, '0000-00-00'),
(8, 19, 0, 0, '0000-00-00'),
(9, 20, 0, 0, '0000-00-00'),
(10, 21, 0, 0, '0000-00-00'),
(11, 22, 0, 0, '0000-00-00'),
(12, 23, 0, 0, '2016-01-19'),
(13, 24, 0, 0, '2016-01-06'),
(14, 25, 0, 0, '2015-02-02'),
(15, 26, 0, 0, '2014-05-03'),
(16, 27, 0, 0, '2016-03-02'),
(17, 28, 0, 0, '2016-01-01'),
(18, 29, 0, 0, '2016-01-01'),
(20, 31, 0, 0, '0000-00-00'),
(21, 32, 0, 0, '0000-00-00'),
(23, 34, 1232111122, 123, '2016-01-01'),
(24, 35, 658999875, 654, '2016-01-01'),
(25, 36, 1123222222, 222, '2016-01-01'),
(26, 37, 321321231, 132, '2016-01-01'),
(27, 38, 321321321, 123, '2016-01-01'),
(29, 40, 1112332222, 123, '2016-01-01'),
(30, 30, 2147483647, 999, '2017-01-07'),
(31, 42, 2147483647, 888, '2016-08-17'),
(32, 43, 2147483647, 321, '2017-02-08'),
(33, 33, 233556546, 654, '2016-01-01'),
(34, 45, 2147483647, 321, '2020-02-02'),
(35, 46, 2147483647, 123, '2021-01-14'),
(36, 47, 1231321321, 123, '2021-01-01'),
(37, 48, 2147483647, 321, '2021-01-01'),
(38, 49, 2147483647, 432, '2021-01-01'),
(39, 39, 0, 0, '2016-02-02'),
(40, 51, 2147483647, 312, '2021-01-01'),
(41, 52, 2147483647, 423, '2021-01-01'),
(42, 53, 2147483647, 0, '2021-01-01'),
(43, 54, 2147483647, 123, '2021-01-01'),
(44, 55, 2147483647, 888, '2021-01-01'),
(45, 56, 2147483647, 423, '2021-01-01'),
(46, 57, 2147483647, 424, '2021-01-01'),
(48, 59, 2147483647, 456, '2021-01-01'),
(49, 60, 2147483647, 321, '2021-01-01'),
(51, 62, 2147483647, 258, '0000-00-00'),
(58, 58, 2147483647, 465, '2005-01-14'),
(61, 61, 324234243, 321, '2021-01-01'),
(63, 63, 31321321321321, 123, '2017-03-01'),
(64, 64, 0, 0, '2021-01-01'),
(65, 65, 132123123, 21, '2010-05-01'),
(66, 66, 32321321321, 123, '2016-03-01'),
(67, 67, 321321321321321, 321, '2016-03-01'),
(68, 68, 11111222211114, 332, '2019-01-01'),
(69, 69, 45845454452121, 233, '2021-01-01'),
(70, 70, 1313215454565, 123, '2021-01-01'),
(71, 92, 4564456445644564, 123, '2021-04-01'),
(73, 93, 121212121212, 456, '2018-02-01'),
(74, 149, 123123123123123, 123, '2021-01-01'),
(75, 150, 0, 0, '2021-01-01'),
(76, 152, 321123321, 123, '2021-04-01'),
(79, 159, 4242424242424242, 111, '2018-03-01'),
(153, 153, 321123321, 123, '2021-01-01'),
(155, 155, 321123321, 123, '2021-10-01'),
(161, 161, 1234, 123, '2021-08-01'),
(162, 162, 111, 1, '2021-01-01'),
(163, 163, 94696, 968, '2021-01-01'),
(164, 164, 123, 345, '2021-01-01');

-- --------------------------------------------------------

--
-- Table structure for table `charges`
--

CREATE TABLE IF NOT EXISTS `charges` (
  `id` int(11) NOT NULL AUTO_INCREMENT,
  `doctor_type` varchar(255) NOT NULL,
  `rates` int(100) NOT NULL,
  PRIMARY KEY (`id`)
) ENGINE=InnoDB  DEFAULT CHARSET=latin1 AUTO_INCREMENT=4 ;

--
-- Dumping data for table `charges`
--

INSERT INTO `charges` (`id`, `doctor_type`, `rates`) VALUES
(1, 'Nutritionist', 200),
(2, 'Psychologist', 1000),
(3, 'Medical Doctor', 99);

-- --------------------------------------------------------

--
-- Table structure for table `days`
--

CREATE TABLE IF NOT EXISTS `days` (
  `id` int(11) NOT NULL AUTO_INCREMENT,
  `day` varchar(15) NOT NULL,
  PRIMARY KEY (`id`)
) ENGINE=InnoDB  DEFAULT CHARSET=latin1 AUTO_INCREMENT=8 ;

--
-- Dumping data for table `days`
--

INSERT INTO `days` (`id`, `day`) VALUES
(1, 'monday'),
(2, 'tuesday'),
(3, 'wednesday'),
(4, 'thursday'),
(5, 'friday'),
(6, 'saturday'),
(7, 'sunday');

-- --------------------------------------------------------

--
-- Table structure for table `doctor_academics`
--

CREATE TABLE IF NOT EXISTS `doctor_academics` (
  `id` int(11) NOT NULL AUTO_INCREMENT,
  `user_id` int(11) NOT NULL,
  `qualification` varchar(255) NOT NULL,
  `institution` varchar(255) NOT NULL,
  `year` int(5) NOT NULL,
  PRIMARY KEY (`id`)
) ENGINE=InnoDB  DEFAULT CHARSET=latin1 AUTO_INCREMENT=107 ;

--
-- Dumping data for table `doctor_academics`
--

INSERT INTO `doctor_academics` (`id`, `user_id`, `qualification`, `institution`, `year`) VALUES
(1, 172, 'MBBS', 'Dow Medical College', 1980),
(2, 172, 'Masters', 'Agha Khan', 1985),
(9, 173, 'PhD', 'PhD ', 2005),
(10, 173, 'MBBS', 'Dow Medical College', 2000),
(11, 174, 'MD', 'ABC', 1992),
(12, 174, 'MA', 'Phsycology', 1987),
(13, 175, 'Phd', 'Bonus University', 2001),
(14, 175, 'Master', 'Masters Institute', 1990),
(16, 176, 'Actuarial Science', 'Stellenbosch', 2006),
(17, 176, 'Business Analysis', 'Training institution', 2009),
(19, 160, 'aa', 'bb', 0),
(22, 179, 'Bachelor of Dietetics', 'University of Pretoria', 2007),
(23, 179, 'Master of Dietetics', 'University of Pretoria', 2015),
(25, 182, 'MD', 'Harvard University', 2005),
(26, 182, 'Dr.Med', 'Harvard University', 2010),
(27, 182, 'DO', 'Harvard University', 2012),
(28, 182, 'BMBS', 'Harvard University', 2015),
(33, 169, 'BSc', 'UP', 2104),
(36, 185, 'ABC', 'ABC', 2009),
(47, 190, 'MBChB', 'University of Pretoria', 2008),
(48, 191, 'MBChB', 'University of Pretoria', 2008),
(73, 194, 'MD', 'Malawi', 1900),
(75, 195, 'Dietician', 'Ngola', 2012),
(76, 196, 'safsdf', 'sdaffdasdfds', 2001),
(77, 186, 'MBChB', 'University of Pretoria', 2008),
(78, 186, 'BScHons', 'University of Pretoria', 2010),
(79, 186, 'BSc Actuarial Science ', 'University of Cape Town', 2005),
(80, 186, 'BSc Acturial Science', 'University of Cape Town', 2005),
(81, 197, 'bsc', 'w', 2018),
(89, 189, 'MBChB', 'University of Pretoria', 2008),
(94, 200, 'PHD', 'HGC', 2000),
(101, 184, 'BSC', 'Stellenbosch', 2013),
(102, 184, 'BBB', 'UCT', 2009),
(103, 184, 'BBBBBBB', 'New', 2018),
(104, 177, 'Ph. D.', 'Kata rancho Institute', 1979),
(105, 203, 'a', 'a', 0),
(106, 204, 'BSC', 'SSUET', 2002);

-- --------------------------------------------------------

--
-- Table structure for table `doctor_cv`
--

CREATE TABLE IF NOT EXISTS `doctor_cv` (
  `id` int(11) NOT NULL AUTO_INCREMENT,
  `user_id` int(11) NOT NULL,
  `degree` varchar(100) DEFAULT NULL,
  `cv` varchar(100) DEFAULT NULL,
  `profile_pic` varchar(255) DEFAULT NULL,
  `description` text,
  `profession_number` varchar(255) DEFAULT NULL,
  `practice_number` varchar(255) DEFAULT NULL,
  `experience` varchar(255) DEFAULT NULL,
  `speciality` varchar(255) DEFAULT NULL,
  `type_of_doctor` int(11) NOT NULL COMMENT '1=>Nutritionist, 2=>Psychologist, 3=>Medical Doctor',
  `rating` int(11) DEFAULT NULL,
  `no_of_patient` int(11) DEFAULT NULL,
  PRIMARY KEY (`id`)
) ENGINE=InnoDB  DEFAULT CHARSET=latin1 AUTO_INCREMENT=82 ;

--
-- Dumping data for table `doctor_cv`
--

INSERT INTO `doctor_cv` (`id`, `user_id`, `degree`, `cv`, `profile_pic`, `description`, `profession_number`, `practice_number`, `experience`, `speciality`, `type_of_doctor`, `rating`, `no_of_patient`) VALUES
(15, 112, 'asdasd', 'eye1.jpg', 'depression1.jpg', NULL, '', NULL, 'asdasd', 'asdsad', 0, 0, 0),
(16, 81, 'mbbs', 'Attribes_solution_data.docx', 'pic-81.jpg', '', '121212', '', '8 year', 'child specialist', 2, 4, 104),
(17, 114, 'mbbs', 'Attribes_solution_data1.docx', 'services.jpg', NULL, '', NULL, '5 year', 'child', 0, 0, 0),
(18, 115, 'mbbs', 'shahzaib_cv.docx', 'save-patients.png', NULL, '', NULL, '7year', 'adult', 0, 0, 0),
(19, 116, 'nbba', 'Attribes_solution_data2.docx', 'team-img1.jpg', NULL, '', NULL, '34', 'asd asd as', 2, 5, 14),
(46, 144, 'mbbs', 'Attribes_solution_data23.docx', 'services1.jpg', NULL, '', NULL, '45year', 'mbbs', 2, 4, 15),
(47, 145, 'mbsb', 'Attribes_solution_data24.docx', '12512714_170020866695510_6718679530217273720_n.jpg', NULL, '', NULL, '4year', 'childrens', 3, 3, 5),
(48, 146, 'mbbs', 'Attribes_solution_data25.docx', 'sorethorat.jpg', NULL, '', NULL, '5year', 'mbbs', 1, 0, 0),
(49, 147, 'mbbd', 'Attribes_solution_data26.docx', 'depression6.jpg', NULL, '', NULL, 'sdf', 'sdf', 2, 0, 0),
(50, 148, 'mbbs', 'Attribes_solution_data27.docx', 'team-img4.jpg', NULL, '', NULL, '10+', 'child', 1, 0, 0),
(51, 151, 'mbbs', 'Attribes_solution_data.docx', 'team-img5.jpg', NULL, '', NULL, '5+', 'skin', 2, 0, 0),
(52, 154, 'FPSC', '', '13939426_1361401873873924_453731842173157629_n.jpg', NULL, '', NULL, '5+', 'All', 2, 0, 0),
(53, 156, 'FFPSC, FFC, WWE', 'See_a_Doctor.docx', '12208750_949595125106237_7986268658043934445_n.jpg', NULL, '', NULL, 'More than 10 Year''s', 'All', 3, 0, 0),
(54, 157, 'mbbs', '', 'd47556565asd8888_n.jpg', NULL, '', NULL, '10+', 'skin', 2, 0, 0),
(55, 158, 'mbbs', '', '10727444_736967239727105_1168939899_n.jpg', NULL, '', NULL, '6+', 'bones', 3, 0, 0),
(56, 160, 'MD', 'Some_CV.docx', 'pic-160.jpg', 'sasdasd', '1234567', '', 'General Physician', 'ENT', 3, 5, 2),
(57, 168, 'MD Phycology', 'cv-2.docx', 'pic-2.jpg', 'sfas dfha fjda kfjaslk jsflk gjslkj fhdK sdf sdfd sfs fsgsdfgsgdgdgfsd gsdfgfsg g', '', '', '8 years', NULL, 2, NULL, NULL),
(58, 169, 'BSc.', 'cv-7.pdf', 'pic-169.JPG', 'Great', '0123457', '123456', '1', '', 3, 5, NULL),
(61, 172, NULL, NULL, NULL, 'I am best doctor in town', 'Prof-123', 'Pract-134', NULL, NULL, 3, NULL, NULL),
(62, 173, NULL, NULL, 'pic-1732.jpg', 'I am what i am ', '', '', NULL, 'Kidney Specialist', 2, NULL, NULL),
(63, 174, NULL, NULL, NULL, 'fss fg sdgd gfsdgsfdgs fgsgfsfg', '', '', NULL, NULL, 2, NULL, NULL),
(64, 175, NULL, 'cv-3.docx', NULL, 'Lorem Ipsum is simply dummy text of the printing and typesetting industry. Lorem Ipsum has been the industry''s standard dummy text ever since the 1500s, when an unknown printer took a galley of type and scrambled it to make a type specimen book. It has survived not only five centuries, but also the leap into electronic typesetting, remaining essentially unchanged. It was popularised in the 1960s with the release of Letraset sheets containing Lorem Ipsum passages, and more recently with desktop publishing software like Aldus PageMaker including versions of Lorem', 'Prof-123', '', NULL, NULL, 2, NULL, NULL),
(65, 176, NULL, 'cv-4.docx', NULL, 'My huge bio', '13', '13', NULL, NULL, 3, NULL, NULL),
(66, 177, NULL, NULL, NULL, 'I am Barry P. I completed a doctorate in 1979 from Kata rancho institute.', 'A1001', 'A1001', NULL, '', 2, 2, NULL),
(67, 179, NULL, 'cv-9.pdf', NULL, 'Nathalie Mat RD(SA) is a clinical dietitian in private practice. She completed her Bachelors and Masters in Dietetics at the University of Pretoria. Nathalie has experience in both State and Private hospitals and clinics. As a qualified personal trainer and avid cook, she is able to translate up-to-date scientific information into practical and achievable goals for her patients. Nathalie has been published across a variety of media and platforms including CPD activities, Oprah Magazine, Business Day and e-tv and has a monthly show on Cliff Central. She has worked as a guest lecturer and enjoys a variety corporate work. She holds the Private Practicing Dietitians portfolio with the Association for Dietetics in South Africa and is an international member of the Academy of Nutrition and Dietetics. Nathalie’s love of nutrition is obvious and she cannot wait to share some of it with you. ', 'DT 0029629', '0268702', NULL, NULL, 1, NULL, NULL),
(68, 182, NULL, 'cv-5.docx', NULL, 'Contrary to popular belief, Lorem Ipsum is not simply random text. It has roots in a piece of classical Latin literature from 45 BC, making it over 2000 years old. Richard McClintock, a Latin professor at Hampden-Sydney College in Virginia, looked up one of the more obscure Latin words, consectetur, from a Lorem Ipsum passage, and going through the cites of the word in classical literature, discovered the undoubtable source. Lorem Ipsum comes from sections 1.10.32 and 1.10.33 of "de Finibus Bonorum et Malorum" (The Extremes of Good and Evil) by Cicero, written in 45 BC. This book is a treatise on the theory of ethics, very popular during the Renaissance.', '8541124121', '5824412521452', NULL, NULL, 3, 3, NULL),
(69, 184, NULL, 'cv-.doc', NULL, 'Just testing the Bio-input field', 'DOC123Test', 'Pra123Test', NULL, '', 3, 5, NULL),
(70, 185, NULL, NULL, NULL, '', 'abc', 'abc', NULL, NULL, 2, NULL, NULL),
(71, 186, NULL, 'cv-186.pdf', 'pic-186.jpg', '', '', '', NULL, '', 3, 3, NULL),
(72, 189, NULL, 'cv-10.pdf', NULL, '', '', '', NULL, '', 2, NULL, NULL),
(73, 190, NULL, 'cv-11.pdf', NULL, '', '', '', NULL, NULL, 2, NULL, NULL),
(74, 191, NULL, 'cv-12.pdf', NULL, '', '', '', NULL, NULL, 2, NULL, NULL),
(75, 194, NULL, 'cv-13.pdf', NULL, '', '', '', NULL, NULL, 2, 2, NULL),
(76, 195, NULL, 'cv-14.pdf', NULL, 'svcvdV', '', '', NULL, '', 1, 3, NULL),
(77, 196, NULL, 'cv-15.pdf', NULL, '', '', '', NULL, NULL, 2, NULL, NULL),
(78, 197, NULL, 'cv-16.pdf', NULL, 'xx', '3', '3', NULL, NULL, 2, NULL, NULL),
(79, 200, NULL, NULL, NULL, 'Test', '321654', '321654654', NULL, '', 2, 3, NULL),
(80, 203, NULL, NULL, NULL, 'a', 'a', 'a', NULL, NULL, 2, NULL, NULL),
(81, 204, NULL, NULL, NULL, '', '', '', NULL, NULL, 2, NULL, NULL);

-- --------------------------------------------------------

--
-- Table structure for table `doctor_experience`
--

CREATE TABLE IF NOT EXISTS `doctor_experience` (
  `id` int(11) NOT NULL AUTO_INCREMENT,
  `user_id` int(11) NOT NULL,
  `company` varchar(255) DEFAULT NULL,
  `job_title` varchar(255) DEFAULT NULL,
  `start_date` date DEFAULT NULL,
  `end_date` date DEFAULT NULL,
  `present_here` enum('1','0') NOT NULL,
  PRIMARY KEY (`id`)
) ENGINE=InnoDB  DEFAULT CHARSET=latin1 AUTO_INCREMENT=59 ;

--
-- Dumping data for table `doctor_experience`
--

INSERT INTO `doctor_experience` (`id`, `user_id`, `company`, `job_title`, `start_date`, `end_date`, `present_here`) VALUES
(5, 169, 'wellness', 'dr', '1986-03-01', '1963-09-01', '0'),
(6, 169, 'Good', 'dr', '1990-01-01', '2017-01-01', '0'),
(9, 185, 'abc', 'a', '1951-03-01', '2017-01-01', '1'),
(18, 190, 'Helen Joseph Hospital', 'Doctor', '1970-01-01', '2017-01-01', '1'),
(19, 191, '7890234', '123344', '1970-01-01', '2017-01-01', '1'),
(26, 194, 'Bush Centre', 'Pychologist', '1937-01-01', '2017-02-01', '1'),
(28, 195, 'The Steve Biko Hospital', 'Dietician', '2017-02-01', '2017-02-01', '1'),
(29, 196, '13212', '132231', '1970-01-01', '2017-02-01', '0'),
(30, 186, 'Helen Joseph Hospital', 'Doctor', '1970-01-01', '2017-01-01', '1'),
(31, 197, 'er', 'er', '1941-01-01', '2017-11-01', '1'),
(43, 189, 'Helen Joseph', 'Doctor', '1970-01-01', '2017-01-01', '1'),
(48, 200, '12', 'Dr', '1939-01-01', '2018-01-01', '1'),
(53, 184, 'Company1', 'Analyst', '1940-02-01', '2017-01-01', '0'),
(54, 184, 'Company2', 'Analyst', '2015-12-01', '2017-01-01', '1'),
(55, 177, 'a', 'doc', '2013-01-01', '1970-01-01', '1'),
(56, 177, 'b', 'a', '1938-04-01', '2011-11-01', '0'),
(57, 203, 'a', 'a', '1955-04-01', '2018-04-01', '1'),
(58, 204, 'arco chemicals', 'Professor', '2015-02-01', '2018-03-01', '1');

-- --------------------------------------------------------

--
-- Table structure for table `doctor_info`
--

CREATE TABLE IF NOT EXISTS `doctor_info` (
  `id` int(11) NOT NULL AUTO_INCREMENT,
  `user_id` int(11) NOT NULL,
  `degree` varchar(50) DEFAULT NULL,
  `experience` text,
  `speciality` text,
  `doctor_type` varchar(255) NOT NULL,
  `role` int(11) NOT NULL,
  PRIMARY KEY (`id`)
) ENGINE=InnoDB  DEFAULT CHARSET=latin1 AUTO_INCREMENT=87 ;

--
-- Dumping data for table `doctor_info`
--

INSERT INTO `doctor_info` (`id`, `user_id`, `degree`, `experience`, `speciality`, `doctor_type`, `role`) VALUES
(1, 76, 'asdasd', 'asdasdas sad ', 'sadas d asd asd asd asd ', 'Psychologist', 3),
(2, 77, 'asd', 'asdasd asdasd ', 'asdasdasd asdasd', 'Psychologist', 3),
(3, 78, 'mbbs', 'more than 15 yyears', 'child specialst', 'Medical Doctor', 3),
(4, 79, 'mbbs', 'asdd asd asd asd asd ', 'asdasd asd ', 'Medical Doctor', 3),
(5, 80, 'asdasd', 'asdasd asdasd ', 'asdasdasd sdasd', 'Psychologist', 3),
(6, 81, 'mbbs', 'adsasd asdsd ', 'asdasd  asd asd ', 'Psychologist', 3),
(7, 82, 'mbbs', 'asd asd  asd ', 'asd asd  asd sd ', 'Medical Doctor', 3),
(9, 84, 'mbbs', 'asdsad asd sd  ', 'asd asd  sd d ', 'Psychologist', 3),
(10, 85, 'asdasd', 'asdasd', 'asdasd', 'Psychologist', 3),
(12, 87, 'mbbs', 'sdfsdf dsf sdf ', 'sdf sdf sdf dsf ', 'Nutritionist', 3),
(13, 88, 'asdasd', 'asdasd', 'asdasd asdasd', 'Psychologist', 3),
(14, 89, 'asdasd', 'asdasd sadasd', 'asdasd asdasd', 'Psychologist', 3),
(15, 90, 'mbbs', 'asd asd asd ', 'as dasd asd asd ', 'Psychologist', 3),
(16, 91, 'asd', 'asd', 'asd', 'Psychologist', 3),
(83, 83, 'asdads', 'adsas sds ', 'asdsad sad asd ', 'Nutritionist', 3),
(86, 86, 'mbbs', 'more than eight years', 'dadad', 'Nutritionist', 3);

-- --------------------------------------------------------

--
-- Table structure for table `doctor_online`
--

CREATE TABLE IF NOT EXISTS `doctor_online` (
  `id` int(11) NOT NULL AUTO_INCREMENT,
  `session` varchar(255) NOT NULL,
  `time` int(11) DEFAULT NULL,
  `user_id` int(11) NOT NULL,
  PRIMARY KEY (`id`)
) ENGINE=InnoDB  DEFAULT CHARSET=latin1 AUTO_INCREMENT=264 ;

--
-- Dumping data for table `doctor_online`
--

INSERT INTO `doctor_online` (`id`, `session`, `time`, `user_id`) VALUES
(6, '30614a4f72b5f706cf1ede2f8dde3111a1c8ee1a', 1475244972, 116),
(7, '30614a4f72b5f706cf1ede2f8dde3111a1c8ee1a', 1475244972, 144),
(14, '34f8257378d3e72335bbceb6270eee0056c79bd1', 1477671777, 173),
(34, '91bcf4cce04fe021618e1639629c691d972fde6c', 1479484468, 81),
(85, '91048e9ba822e85fb0cc6476bb6c4217a5f8e191', 1481900702, 182),
(167, '788155a4a98dd87a373d649536bc058bfc5e641c', 1516887852, 169),
(252, '788155a4a98dd87a373d649536bc058bfc5e641c', 1516887852, 169),
(255, '7418d9366dd7d391c60282ab6c1df22912449a1a', 1517247536, 184),
(257, '7418d9366dd7d391c60282ab6c1df22912449a1a', 1517247536, 184),
(262, 'a5c6be8b6003a53da88780b181625c0fed7addef', 1517472722, 177),
(263, '2f4d1e921d41f35c1fbea10062fd7eee0911ab93', 1520510619, 160);

-- --------------------------------------------------------

--
-- Table structure for table `doctor_rating`
--

CREATE TABLE IF NOT EXISTS `doctor_rating` (
  `id` int(11) NOT NULL AUTO_INCREMENT,
  `p_id` int(11) NOT NULL,
  `d_id` int(11) NOT NULL,
  `rating` int(11) NOT NULL,
  PRIMARY KEY (`id`)
) ENGINE=InnoDB  DEFAULT CHARSET=latin1 AUTO_INCREMENT=18 ;

--
-- Dumping data for table `doctor_rating`
--

INSERT INTO `doctor_rating` (`id`, `p_id`, `d_id`, `rating`) VALUES
(1, 69, 81, 3),
(2, 4, 81, 5),
(3, 7, 81, 3),
(4, 10, 81, 4),
(5, 161, 160, 5),
(6, 68, 160, 5),
(7, 161, 169, 5),
(8, 178, 177, 4),
(9, 181, 182, 3),
(10, 161, 184, 5),
(11, 187, 186, 3),
(12, 187, 194, 3),
(13, 188, 194, 0),
(14, 187, 195, 3),
(15, 161, 177, 2),
(16, 161, 200, 3),
(17, 201, 177, 0);

-- --------------------------------------------------------

--
-- Table structure for table `doctor_type`
--

CREATE TABLE IF NOT EXISTS `doctor_type` (
  `id` int(11) NOT NULL AUTO_INCREMENT,
  `type_of_doctor` varchar(50) NOT NULL,
  PRIMARY KEY (`id`)
) ENGINE=InnoDB  DEFAULT CHARSET=latin1 AUTO_INCREMENT=4 ;

--
-- Dumping data for table `doctor_type`
--

INSERT INTO `doctor_type` (`id`, `type_of_doctor`) VALUES
(1, 'nutritionist'),
(2, 'psychologist'),
(3, 'medical-doctor');

-- --------------------------------------------------------

--
-- Table structure for table `family_history`
--

CREATE TABLE IF NOT EXISTS `family_history` (
  `id` int(11) NOT NULL AUTO_INCREMENT,
  `user_id` int(11) NOT NULL,
  `condition` varchar(512) DEFAULT NULL,
  `relationship` varchar(255) DEFAULT NULL,
  PRIMARY KEY (`id`)
) ENGINE=InnoDB  DEFAULT CHARSET=latin1 AUTO_INCREMENT=18 ;

--
-- Dumping data for table `family_history`
--

INSERT INTO `family_history` (`id`, `user_id`, `condition`, `relationship`) VALUES
(11, 69, 'asd', 'asdasd'),
(12, 93, 'asdasd', 'ada'),
(13, 69, 'sdf', 'sdf'),
(14, 159, 'Hypertension', 'Mother'),
(15, 161, 'eczema', 'uncle'),
(16, 188, '25326', '25362'),
(17, 187, 'vDSVSDVDS', 'SVDdsdfbv');

-- --------------------------------------------------------

--
-- Table structure for table `forget_password`
--

CREATE TABLE IF NOT EXISTS `forget_password` (
  `id` int(11) NOT NULL AUTO_INCREMENT,
  `user_id` int(11) NOT NULL,
  `token` varchar(100) DEFAULT NULL,
  `created_at` timestamp NOT NULL DEFAULT CURRENT_TIMESTAMP,
  `status` tinyint(1) NOT NULL DEFAULT '1',
  PRIMARY KEY (`id`)
) ENGINE=InnoDB  DEFAULT CHARSET=latin1 AUTO_INCREMENT=43 ;

--
-- Dumping data for table `forget_password`
--

INSERT INTO `forget_password` (`id`, `user_id`, `token`, `created_at`, `status`) VALUES
(4, 81, 'aaf3a57178baa39da20e62e10ef9641b', '2016-10-04 07:39:15', 1),
(5, 81, 'aaf3a57178baa39da20e62e10ef9641b', '2016-10-21 15:36:38', 1),
(6, 81, 'aaf3a57178baa39da20e62e10ef9641b', '2016-10-21 15:38:23', 1),
(7, 81, 'aaf3a57178baa39da20e62e10ef9641b', '2016-10-21 15:44:26', 1),
(8, 81, 'aaf3a57178baa39da20e62e10ef9641b', '2016-10-24 14:21:30', 1),
(9, 81, 'aaf3a57178baa39da20e62e10ef9641b', '2016-10-25 08:42:08', 1),
(10, 81, 'aaf3a57178baa39da20e62e10ef9641b', '2016-10-25 08:47:51', 1),
(11, 81, 'aaf3a57178baa39da20e62e10ef9641b', '2016-10-25 08:56:18', 1),
(12, 81, 'aaf3a57178baa39da20e62e10ef9641b', '2016-10-25 08:58:55', 1),
(13, 69, '4e2cbda46196b49bb9920347d0b98868', '2016-10-25 09:00:55', 1),
(20, 81, 'aaf3a57178baa39da20e62e10ef9641b', '2016-11-02 08:51:50', 1),
(21, 81, 'aaf3a57178baa39da20e62e10ef9641b', '2016-11-10 10:06:07', 1),
(26, 189, 'dd59ae07899cebf0bfce441de0adc1c7', '2017-01-25 06:41:16', 1),
(38, 186, '4d3bcb858f7edf45da399d95d84e9705', '2018-01-24 07:49:34', 1),
(40, 198, '1e4788ad1e20569b236352d1ff9487f7', '2018-01-25 17:13:48', 1),
(41, 198, '1e4788ad1e20569b236352d1ff9487f7', '2018-01-25 17:14:45', 1),
(42, 198, '1e4788ad1e20569b236352d1ff9487f7', '2018-01-25 17:18:23', 1);

-- --------------------------------------------------------

--
-- Table structure for table `my_doctor`
--

CREATE TABLE IF NOT EXISTS `my_doctor` (
  `id` int(11) NOT NULL AUTO_INCREMENT,
  `user_id` int(11) NOT NULL,
  `name` varchar(50) DEFAULT NULL,
  `sname` varchar(50) DEFAULT NULL,
  `contact_number` varchar(20) DEFAULT NULL,
  `email` varchar(50) DEFAULT NULL,
  PRIMARY KEY (`id`)
) ENGINE=InnoDB  DEFAULT CHARSET=latin1 AUTO_INCREMENT=15 ;

--
-- Dumping data for table `my_doctor`
--

INSERT INTO `my_doctor` (`id`, `user_id`, `name`, `sname`, `contact_number`, `email`) VALUES
(7, 69, 'James', 'John', '545464656', 'aBC@ABC.COM'),
(8, 93, 'asd', 'asdasd', 'asdads', 'asdasd'),
(9, 69, 'dfgfdg', 'dfgdfg', 'dfgdfg', 'dfgdfg'),
(10, 159, 'Aijaz', 'Aslam', '123123123', ''),
(11, 161, 'dr Robert', 'Luthuli', '0127789374', 'lante007@gmail.com'),
(14, 188, 'Mussa', 'Mpelepele', '0844105500', 'mpelepelemussa@gmail.com');

-- --------------------------------------------------------

--
-- Table structure for table `notification`
--

CREATE TABLE IF NOT EXISTS `notification` (
  `notification_id` int(11) NOT NULL AUTO_INCREMENT,
  `notification_type` varchar(50) NOT NULL,
  `appointment_type` enum('now','schedule') DEFAULT NULL,
  `message` text,
  `user_id` int(11) NOT NULL,
  `p_id` int(11) NOT NULL,
  `d_id` int(11) NOT NULL,
  `appointment_id` int(11) NOT NULL,
  `is_view` tinyint(1) NOT NULL DEFAULT '0',
  `created_date` datetime DEFAULT NULL,
  PRIMARY KEY (`notification_id`)
) ENGINE=MyISAM  DEFAULT CHARSET=latin1 AUTO_INCREMENT=628 ;

--
-- Dumping data for table `notification`
--

INSERT INTO `notification` (`notification_id`, `notification_type`, `appointment_type`, `message`, `user_id`, `p_id`, `d_id`, `appointment_id`, `is_view`, `created_date`) VALUES
(1, 'new', 'now', 'Patient Saul wants an Appointment Now With You', 177, 178, 177, 177, 1, '2016-12-23 11:56:05'),
(2, 'new', 'now', 'Patient Saul wants an Appointment Now With You', 173, 178, 173, 178, 0, '2016-12-23 11:56:06'),
(3, 'ready', 'now', 'Doctor Barry is now ready to see you', 178, 178, 177, 177, 1, '2016-12-23 11:56:29'),
(4, 'call', 'now', 'Patient Saul is start call.', 177, 178, 177, 136, 1, '2016-12-23 11:56:46'),
(5, 'call', 'now', 'Doctor Barry is start call.', 178, 178, 177, 136, 1, '2016-12-23 11:56:53'),
(6, 'call', 'now', 'Patient Saul is start call.', 177, 178, 177, 136, 1, '2016-12-23 11:56:54'),
(7, 'call', 'now', 'Doctor Barry is start call.', 178, 178, 177, 136, 1, '2016-12-23 11:57:30'),
(8, 'new', 'now', 'Patient lante wants an Appointment Now With You', 169, 161, 169, 179, 1, '2016-12-23 16:35:57'),
(9, 'new', 'now', 'Patient lante wants an Appointment Now With You', 182, 161, 182, 180, 0, '2016-12-23 16:35:58'),
(10, 'ready', 'now', 'Doctor Ishe is now ready to see you', 161, 161, 169, 179, 1, '2016-12-23 16:37:26'),
(11, 'call', 'now', 'Patient lante is start call.', 169, 161, 169, 137, 1, '2016-12-23 16:38:36'),
(12, 'call', 'now', 'Patient lante is start call.', 169, 161, 169, 137, 1, '2016-12-23 16:38:44'),
(13, 'call', 'now', 'Patient lante is start call.', 169, 161, 169, 137, 1, '2016-12-23 16:39:03'),
(14, 'call', 'now', 'Doctor Ishe is start call.', 161, 161, 169, 137, 1, '2016-12-23 16:41:27'),
(15, 'new', 'now', 'Patient lante wants an Appointment Now With You', 169, 161, 169, 181, 1, '2016-12-23 16:43:57'),
(16, 'new', 'now', 'Patient lante wants an Appointment Now With You', 182, 161, 182, 182, 0, '2016-12-23 16:43:57'),
(17, 'ready', 'now', 'Doctor Ishe is now ready to see you', 161, 161, 169, 181, 1, '2016-12-23 16:44:07'),
(18, 'call', 'now', 'Doctor Ishe is start call.', 161, 161, 169, 138, 1, '2016-12-23 16:44:15'),
(19, 'call', 'now', 'Patient lante is start call.', 169, 161, 169, 138, 1, '2016-12-23 16:44:22'),
(20, 'new', 'now', 'Patient lante wants an Appointment Now With You', 182, 161, 182, 183, 0, '2016-12-23 17:35:05'),
(21, 'new', 'now', 'Patient lante wants an Appointment Now With You', 169, 161, 169, 184, 1, '2016-12-23 17:35:06'),
(22, 'new', 'now', 'Patient Saul wants an Appointment Now With You', 177, 178, 177, 185, 1, '2016-12-27 07:17:52'),
(23, 'new', 'now', 'Patient Saul wants an Appointment Now With You', 173, 178, 173, 186, 0, '2016-12-27 07:17:52'),
(24, 'ready', 'now', 'Doctor Barry is now ready to see you', 178, 178, 177, 185, 1, '2016-12-27 07:18:13'),
(25, 'call', 'now', 'Doctor Barry is start call.', 178, 178, 177, 139, 1, '2016-12-27 07:18:17'),
(26, 'call', 'now', 'Doctor Barry is start call.', 178, 178, 177, 139, 1, '2016-12-27 07:18:22'),
(27, 'new', 'now', 'Patient Saul wants an Appointment Now With You', 177, 178, 177, 187, 1, '2016-12-27 07:29:18'),
(28, 'new', 'now', 'Patient Saul wants an Appointment Now With You', 173, 178, 173, 188, 0, '2016-12-27 07:29:18'),
(29, 'ready', 'now', 'Doctor Barry is now ready to see you', 178, 178, 177, 187, 1, '2016-12-27 07:30:13'),
(30, 'call', 'now', 'Patient Saul is start call.', 177, 178, 177, 140, 1, '2016-12-27 07:30:28'),
(31, 'call', 'now', 'Doctor Barry is start call.', 178, 178, 177, 140, 1, '2016-12-27 07:30:41'),
(32, 'new', 'now', 'Patient Saul wants an Appointment Now With You', 177, 178, 177, 189, 1, '2016-12-27 09:38:51'),
(33, 'new', 'now', 'Patient Saul wants an Appointment Now With You', 173, 178, 173, 190, 0, '2016-12-27 09:38:52'),
(34, 'ready', 'now', 'Doctor Barry is now ready to see you', 178, 178, 177, 189, 1, '2016-12-27 09:39:03'),
(35, 'call', 'now', 'Patient Saul is start call.', 177, 178, 177, 141, 1, '2016-12-27 09:39:10'),
(36, 'call', 'now', 'Doctor Barry is start call.', 178, 178, 177, 141, 1, '2016-12-27 09:39:13'),
(37, 'new', 'now', 'Patient Saul wants an Appointment Now With You', 177, 178, 177, 191, 1, '2016-12-27 09:44:55'),
(38, 'new', 'now', 'Patient Saul wants an Appointment Now With You', 173, 178, 173, 192, 0, '2016-12-27 09:44:56'),
(39, 'ready', 'now', 'Doctor Barry is now ready to see you', 178, 178, 177, 191, 1, '2016-12-27 09:45:15'),
(40, 'call', 'now', 'Doctor Barry is start call.', 178, 178, 177, 142, 1, '2016-12-27 09:45:20'),
(41, 'call', 'now', 'Patient Saul is start call.', 177, 178, 177, 142, 1, '2016-12-27 09:45:27'),
(42, 'new', 'now', 'Patient Saul wants an Appointment Now With You', 177, 178, 177, 193, 1, '2016-12-27 11:52:42'),
(43, 'new', 'now', 'Patient Saul wants an Appointment Now With You', 173, 178, 173, 194, 0, '2016-12-27 11:52:43'),
(44, 'new', 'now', 'Patient Saul wants an Appointment Now With You', 177, 178, 177, 195, 1, '2016-12-27 12:37:35'),
(45, 'new', 'now', 'Patient Saul wants an Appointment Now With You', 173, 178, 173, 196, 0, '2016-12-27 12:37:36'),
(46, 'ready', 'now', 'Doctor Barry is now ready to see you', 178, 178, 177, 195, 1, '2016-12-27 12:37:55'),
(47, 'call', 'now', 'Patient Saul is start call.', 177, 178, 177, 143, 1, '2016-12-27 12:38:10'),
(48, 'call', 'now', 'Doctor Barry is start call.', 178, 178, 177, 143, 1, '2016-12-27 12:38:15'),
(49, 'new', 'now', 'Patient Saul wants an Appointment Now With You', 177, 178, 177, 197, 1, '2016-12-27 12:46:04'),
(50, 'new', 'now', 'Patient Saul wants an Appointment Now With You', 173, 178, 173, 198, 0, '2016-12-27 12:46:04'),
(51, 'ready', 'now', 'Doctor Barry is now ready to see you', 178, 178, 177, 197, 1, '2016-12-27 12:46:15'),
(52, 'call', 'now', 'Patient Saul is start call.', 177, 178, 177, 144, 1, '2016-12-27 12:46:22'),
(53, 'call', 'now', 'Doctor Barry is start call.', 178, 178, 177, 144, 1, '2016-12-27 12:46:23'),
(54, 'new', 'now', 'Patient Saul wants an Appointment Now With You', 177, 178, 177, 199, 1, '2016-12-27 12:51:04'),
(55, 'new', 'now', 'Patient Saul wants an Appointment Now With You', 173, 178, 173, 200, 0, '2016-12-27 12:51:05'),
(56, 'ready', 'now', 'Doctor Barry is now ready to see you', 178, 178, 177, 199, 1, '2016-12-27 12:51:14'),
(57, 'call', 'now', 'Patient Saul is start call.', 177, 178, 177, 145, 1, '2016-12-27 12:51:21'),
(58, 'call', 'now', 'Doctor Barry is start call.', 178, 178, 177, 145, 1, '2016-12-27 12:51:23'),
(59, 'new', 'now', 'Patient Saul wants an Appointment Now With You', 177, 178, 177, 201, 1, '2016-12-27 13:00:45'),
(60, 'new', 'now', 'Patient Saul wants an Appointment Now With You', 173, 178, 173, 202, 0, '2016-12-27 13:00:46'),
(61, 'ready', 'now', 'Doctor Barry is now ready to see you', 178, 178, 177, 201, 1, '2016-12-27 13:01:03'),
(62, 'call', 'now', 'Patient Saul is start call.', 177, 178, 177, 146, 1, '2016-12-27 13:01:09'),
(63, 'call', 'now', 'Doctor Barry is start call.', 178, 178, 177, 146, 1, '2016-12-27 13:01:10'),
(64, 'new', 'now', 'Patient Saul wants an Appointment Now With You', 177, 178, 177, 203, 1, '2016-12-27 13:04:00'),
(65, 'new', 'now', 'Patient Saul wants an Appointment Now With You', 173, 178, 173, 204, 0, '2016-12-27 13:04:02'),
(66, 'ready', 'now', 'Doctor Barry is now ready to see you', 178, 178, 177, 203, 1, '2016-12-27 13:04:08'),
(67, 'call', 'now', 'Patient Saul is start call.', 177, 178, 177, 147, 1, '2016-12-27 13:04:12'),
(68, 'call', 'now', 'Doctor Barry is start call.', 178, 178, 177, 147, 1, '2016-12-27 13:04:13'),
(69, 'new', 'now', 'Patient Saul wants an Appointment Now With You', 177, 178, 177, 205, 1, '2016-12-27 13:04:47'),
(70, 'new', 'now', 'Patient Saul wants an Appointment Now With You', 173, 178, 173, 206, 0, '2016-12-27 13:04:48'),
(71, 'ready', 'now', 'Doctor Barry is now ready to see you', 178, 178, 177, 205, 1, '2016-12-27 13:04:57'),
(72, 'call', 'now', 'Patient Saul is start call.', 177, 178, 177, 148, 1, '2016-12-27 13:05:07'),
(73, 'call', 'now', 'Doctor Barry is start call.', 178, 178, 177, 148, 1, '2016-12-27 13:05:13'),
(74, 'new', 'now', 'Patient Saul wants an Appointment Now With You', 177, 178, 177, 207, 1, '2016-12-27 13:06:49'),
(75, 'new', 'now', 'Patient Saul wants an Appointment Now With You', 173, 178, 173, 208, 0, '2016-12-27 13:06:50'),
(76, 'ready', 'now', 'Doctor Barry is now ready to see you', 178, 178, 177, 207, 1, '2016-12-27 13:07:01'),
(77, 'call', 'now', 'Patient Saul is start call.', 177, 178, 177, 149, 1, '2016-12-27 13:07:12'),
(78, 'call', 'now', 'Doctor Barry is start call.', 178, 178, 177, 149, 1, '2016-12-27 13:07:17'),
(79, 'new', 'now', 'Patient Saul wants an Appointment Now With You', 177, 178, 177, 209, 1, '2016-12-27 13:09:58'),
(80, 'new', 'now', 'Patient Saul wants an Appointment Now With You', 173, 178, 173, 210, 0, '2016-12-27 13:09:59'),
(81, 'ready', 'now', 'Doctor Barry is now ready to see you', 178, 178, 177, 209, 1, '2016-12-27 13:10:06'),
(82, 'call', 'now', 'Doctor Barry is start call.', 178, 178, 177, 150, 1, '2016-12-27 13:10:20'),
(83, 'call', 'now', 'Patient Saul is start call.', 177, 178, 177, 150, 1, '2016-12-27 13:10:22'),
(84, 'new', 'now', 'Patient Saul wants an Appointment Now With You', 177, 178, 177, 211, 1, '2016-12-27 15:31:30'),
(85, 'new', 'now', 'Patient Saul wants an Appointment Now With You', 173, 178, 173, 212, 0, '2016-12-27 15:31:34'),
(86, 'ready', 'now', 'Doctor Barry is now ready to see you', 178, 178, 177, 211, 1, '2016-12-27 15:32:17'),
(87, 'call', 'now', 'Patient Saul is start call.', 177, 178, 177, 151, 1, '2016-12-27 15:32:27'),
(88, 'call', 'now', 'Patient Saul is start call.', 177, 178, 177, 151, 1, '2016-12-27 15:32:28'),
(89, 'call', 'now', 'Doctor Barry is start call.', 178, 178, 177, 151, 1, '2016-12-27 15:32:36'),
(90, 'new', 'now', 'Patient Saul wants an Appointment Now With You', 177, 178, 177, 213, 1, '2016-12-27 15:49:55'),
(91, 'new', 'now', 'Patient Saul wants an Appointment Now With You', 173, 178, 173, 214, 0, '2016-12-27 15:49:56'),
(92, 'ready', 'now', 'Doctor Barry is now ready to see you', 178, 178, 177, 213, 1, '2016-12-27 15:50:09'),
(93, 'call', 'now', 'Patient Saul is start call.', 177, 178, 177, 152, 1, '2016-12-27 15:50:19'),
(94, 'call', 'now', 'Doctor Barry is start call.', 178, 178, 177, 152, 1, '2016-12-27 15:50:34'),
(95, 'new', 'now', 'Patient Saul wants an Appointment Now With You', 177, 178, 177, 215, 1, '2016-12-28 12:53:44'),
(96, 'new', 'now', 'Patient Saul wants an Appointment Now With You', 173, 178, 173, 216, 0, '2016-12-28 12:53:45'),
(97, 'ready', 'now', 'Doctor Barry is now ready to see you', 178, 178, 177, 215, 1, '2016-12-28 12:55:02'),
(98, 'new', 'now', 'Patient Saul wants an Appointment Now With You', 177, 178, 177, 217, 1, '2016-12-29 09:56:19'),
(99, 'new', 'now', 'Patient Saul wants an Appointment Now With You', 173, 178, 173, 218, 0, '2016-12-29 09:56:20'),
(100, 'ready', 'now', 'Doctor Barry is now ready to see you', 178, 178, 177, 217, 1, '2016-12-29 09:56:55'),
(101, 'new', 'now', 'Patient Saul wants an Appointment Now With You', 173, 178, 173, 219, 0, '2016-12-29 11:39:42'),
(102, 'new', 'now', 'Patient Saul wants an Appointment Now With You', 173, 178, 173, 220, 0, '2016-12-29 11:40:24'),
(103, 'new', 'schedule', 'You have a request for appointment on <b>03-01-2017</b> at <b>08:30:00</b> You will recieve a meeting room url 30 minutes before your meeting time.', 169, 161, 169, 155, 1, '2017-01-02 12:31:59'),
(104, 'cancel', 'schedule', 'lante has cancelled following appointment with you Date : 03 Jan 2017&nbsp;&nbsp;&nbsp;Time : 08:30 am', 169, 161, 169, 155, 1, '2017-01-02 12:35:28'),
(105, 'new', 'now', 'Patient lante wants an Appointment Now With You', 182, 161, 182, 221, 0, '2017-01-02 12:38:38'),
(106, 'new', 'now', 'Patient lante wants an Appointment Now With You', 182, 161, 182, 222, 0, '2017-01-03 13:38:42'),
(107, 'new', 'now', 'Patient lante wants an Appointment Now With You', 169, 161, 169, 223, 1, '2017-01-03 13:38:43'),
(108, 'new', 'now', 'Patient lante wants an Appointment Now With You', 184, 161, 184, 224, 1, '2017-01-03 13:38:43'),
(109, 'new', 'schedule', 'You have a request for appointment on <b>04-01-2017</b> at <b>08:00:00</b> You will recieve a meeting room url 30 minutes before your meeting time.', 184, 161, 184, 156, 1, '2017-01-03 13:42:01'),
(110, 'ready', 'now', 'Doctor Ishe is now ready to see you', 161, 161, 169, 223, 1, '2017-01-03 14:14:35'),
(111, 'call', 'now', 'Patient lante is start call.', 169, 161, 169, 157, 1, '2017-01-03 14:19:33'),
(112, 'call', 'now', 'Patient lante is start call.', 169, 161, 169, 157, 1, '2017-01-03 14:20:04'),
(113, 'call', 'now', 'Patient lante is start call.', 169, 161, 169, 157, 1, '2017-01-03 14:20:38'),
(114, 'new', 'now', 'Patient Saul wants an Appointment Now With You', 177, 178, 177, 225, 1, '2017-01-03 14:23:52'),
(115, 'new', 'now', 'Patient Saul wants an Appointment Now With You', 173, 178, 173, 226, 0, '2017-01-03 14:23:53'),
(116, 'call', 'now', 'Doctor Ishe is start call.', 161, 161, 169, 157, 1, '2017-01-03 14:39:36'),
(117, 'new', 'now', 'Patient lante wants an Appointment Now With You', 169, 161, 169, 227, 1, '2017-01-03 16:15:23'),
(118, 'new', 'now', 'Patient lante wants an Appointment Now With You', 182, 161, 182, 228, 0, '2017-01-03 16:15:24'),
(119, 'new', 'now', 'Patient lante wants an Appointment Now With You', 169, 161, 169, 229, 1, '2017-01-03 16:22:46'),
(120, 'new', 'now', 'Patient lante wants an Appointment Now With You', 182, 161, 182, 230, 0, '2017-01-03 16:22:47'),
(121, 'new', 'now', 'Patient lante wants an Appointment Now With You', 184, 161, 184, 231, 1, '2017-01-03 16:22:47'),
(122, 'ready', 'now', 'Doctor Emma is now ready to see you', 161, 161, 184, 231, 1, '2017-01-03 16:39:25'),
(123, 'call', 'now', 'Doctor Emma is start call.', 161, 161, 184, 158, 1, '2017-01-03 16:43:31'),
(124, 'call', 'now', 'Doctor Emma is start call.', 161, 161, 184, 158, 1, '2017-01-03 16:43:35'),
(125, 'new', 'now', 'Patient Saul wants an Appointment Now With You', 177, 178, 177, 232, 1, '2017-01-03 16:53:13'),
(126, 'new', 'now', 'Patient Saul wants an Appointment Now With You', 173, 178, 173, 233, 0, '2017-01-03 16:53:13'),
(127, 'new', 'now', 'Patient lante wants an Appointment Now With You', 169, 161, 169, 234, 1, '2017-01-03 16:54:54'),
(128, 'new', 'now', 'Patient lante wants an Appointment Now With You', 182, 161, 182, 235, 0, '2017-01-03 16:54:55'),
(129, 'new', 'now', 'Patient lante wants an Appointment Now With You', 184, 161, 184, 236, 1, '2017-01-03 16:54:55'),
(130, 'new', 'now', 'Patient lante wants an Appointment Now With You', 169, 161, 169, 237, 1, '2017-01-03 16:56:54'),
(131, 'new', 'now', 'Patient lante wants an Appointment Now With You', 177, 161, 177, 238, 1, '2017-01-03 16:56:55'),
(132, 'new', 'now', 'Patient lante wants an Appointment Now With You', 182, 161, 182, 239, 0, '2017-01-03 16:56:55'),
(133, 'new', 'now', 'Patient lante wants an Appointment Now With You', 184, 161, 184, 240, 1, '2017-01-03 16:56:56'),
(134, 'ready', 'now', 'Doctor Emma is now ready to see you', 161, 161, 184, 240, 1, '2017-01-03 17:00:23'),
(135, 'ready', 'now', 'Doctor Emma is now ready to see you', 161, 161, 184, 236, 1, '2017-01-03 17:00:30'),
(136, 'call', 'now', 'Doctor Emma is start call.', 161, 161, 184, 159, 1, '2017-01-03 17:00:40'),
(137, 'ready', 'now', 'Doctor Barry is now ready to see you', 183, 183, 177, 173, 1, '2017-01-03 17:01:35'),
(138, 'new', 'schedule', 'You have a request for appointment on <b>03-01-2017</b> at <b>01:00:00</b> You will recieve a meeting room url 30 minutes before your meeting time.', 184, 178, 184, 162, 1, '2017-01-03 17:06:21'),
(139, 'new', 'schedule', 'You have a request for appointment on <b>04-01-2017</b> at <b>12:00:00</b> You will recieve a meeting room url 30 minutes before your meeting time.', 177, 178, 177, 163, 1, '2017-01-03 17:09:10'),
(140, 'new', 'schedule', 'You have a request for appointment on <b>05-01-2017</b> at <b>12:15:00</b> You will recieve a meeting room url 30 minutes before your meeting time.', 177, 178, 177, 164, 1, '2017-01-03 17:10:07'),
(141, 'new', 'now', 'Patient Saul wants an Appointment Now With You', 169, 178, 169, 241, 1, '2017-01-03 17:12:59'),
(142, 'new', 'now', 'Patient Saul wants an Appointment Now With You', 177, 178, 177, 242, 1, '2017-01-03 17:12:59'),
(143, 'new', 'now', 'Patient Saul wants an Appointment Now With You', 182, 178, 182, 243, 0, '2017-01-03 17:13:00'),
(144, 'new', 'now', 'Patient Saul wants an Appointment Now With You', 184, 178, 184, 244, 1, '2017-01-03 17:13:01'),
(145, 'new', 'now', 'Patient lante wants an Appointment Now With You', 169, 161, 169, 245, 1, '2017-01-03 18:48:55'),
(146, 'new', 'now', 'Patient lante wants an Appointment Now With You', 177, 161, 177, 246, 1, '2017-01-03 18:48:56'),
(147, 'new', 'now', 'Patient lante wants an Appointment Now With You', 182, 161, 182, 247, 0, '2017-01-03 18:48:57'),
(148, 'new', 'now', 'Patient lante wants an Appointment Now With You', 184, 161, 184, 248, 1, '2017-01-03 18:48:57'),
(149, 'ready', 'now', 'Doctor Emma is now ready to see you', 161, 161, 184, 248, 1, '2017-01-03 18:51:44'),
(150, 'call', 'now', 'Doctor Emma is start call.', 161, 161, 184, 165, 1, '2017-01-03 18:51:54'),
(151, 'call', 'now', 'Patient lante is start call.', 184, 161, 184, 165, 1, '2017-01-03 18:55:10'),
(152, 'new', 'now', 'Patient lante wants an Appointment Now With You', 169, 161, 169, 249, 1, '2017-01-03 19:09:24'),
(153, 'new', 'now', 'Patient lante wants an Appointment Now With You', 184, 161, 184, 250, 1, '2017-01-03 19:09:25'),
(154, 'new', 'now', 'Patient lante wants an Appointment Now With You', 177, 161, 177, 251, 1, '2017-01-03 19:09:26'),
(155, 'new', 'now', 'Patient lante wants an Appointment Now With You', 182, 161, 182, 252, 0, '2017-01-03 19:09:27'),
(156, 'new', 'now', 'Patient lante wants an Appointment Now With You', 169, 161, 169, 253, 1, '2017-01-03 19:14:12'),
(157, 'new', 'now', 'Patient lante wants an Appointment Now With You', 184, 161, 184, 254, 1, '2017-01-03 19:14:13'),
(158, 'new', 'now', 'Patient lante wants an Appointment Now With You', 177, 161, 177, 255, 1, '2017-01-03 19:14:14'),
(159, 'new', 'now', 'Patient lante wants an Appointment Now With You', 182, 161, 182, 256, 0, '2017-01-03 19:14:14'),
(160, 'ready', 'now', 'Doctor Emma is now ready to see you', 161, 161, 184, 254, 1, '2017-01-03 19:14:29'),
(161, 'call', 'now', 'Doctor Emma is start call.', 161, 161, 184, 166, 1, '2017-01-03 19:14:38'),
(162, 'reminder-30-min', 'schedule', 'Your appointment with Dr Emma Luthuli on <b>04-01-2017</b> at <b>08:00:00</b> will start in 30 minutes.', 161, 161, 184, 156, 1, '2017-01-04 07:30:06'),
(163, 'reminder-30-min', 'schedule', 'Your meeting with lante luthuli on <b>04-01-2017</b> at <b>08:00:00</b> will start in 30 minutes.', 184, 161, 184, 156, 1, '2017-01-04 07:30:06'),
(164, 'reminder-30-min', 'schedule', 'Your appointment with Dr Barry P on <b>04-01-2017</b> at <b>12:00:00</b> will start in 30 minutes.', 178, 178, 177, 163, 1, '2017-01-04 11:30:06'),
(165, 'reminder-30-min', 'schedule', 'Your meeting with Saul S. on <b>04-01-2017</b> at <b>12:00:00</b> will start in 30 minutes.', 177, 178, 177, 163, 1, '2017-01-04 11:30:06'),
(166, 'reminder-30-min', 'schedule', 'Your appointment with Dr Barry P on <b>05-01-2017</b> at <b>12:15:00</b> will start in 30 minutes.', 178, 178, 177, 164, 1, '2017-01-05 11:45:16'),
(167, 'reminder-30-min', 'schedule', 'Your meeting with Saul S. on <b>05-01-2017</b> at <b>12:15:00</b> will start in 30 minutes.', 177, 178, 177, 164, 1, '2017-01-05 11:45:16'),
(168, 'new', 'now', 'Patient Saul wants an Appointment Now With You', 173, 178, 173, 257, 0, '2017-01-05 14:33:11'),
(169, 'new', 'now', 'Patient Saul wants an Appointment Now With You', 173, 178, 173, 258, 0, '2017-01-05 14:35:08'),
(170, 'new', 'now', 'Patient Saul wants an Appointment Now With You', 169, 178, 169, 259, 1, '2017-01-06 08:47:19'),
(171, 'new', 'now', 'Patient Saul wants an Appointment Now With You', 177, 178, 177, 260, 1, '2017-01-06 08:47:20'),
(172, 'new', 'now', 'Patient Saul wants an Appointment Now With You', 182, 178, 182, 261, 0, '2017-01-06 08:47:20'),
(173, 'ready', 'now', 'Doctor barry is now ready to see you', 178, 178, 177, 260, 1, '2017-01-06 09:11:09'),
(174, 'call', 'now', 'Patient Saul is start call.', 177, 178, 177, 167, 1, '2017-01-06 09:11:25'),
(175, 'call', 'now', 'Doctor barry is start call.', 178, 178, 177, 167, 1, '2017-01-06 09:11:29'),
(176, 'call', 'now', 'Patient Saul is start call.', 177, 178, 177, 167, 1, '2017-01-06 09:11:38'),
(177, 'call', 'now', 'Doctor barry is start call.', 178, 178, 177, 167, 1, '2017-01-06 09:13:13'),
(178, 'new', 'now', 'Patient Saul wants an Appointment Now With You', 169, 178, 169, 262, 1, '2017-01-06 09:24:37'),
(179, 'new', 'now', 'Patient Saul wants an Appointment Now With You', 177, 178, 177, 263, 1, '2017-01-06 09:24:38'),
(180, 'new', 'now', 'Patient Saul wants an Appointment Now With You', 182, 178, 182, 264, 0, '2017-01-06 09:24:38'),
(181, 'ready', 'now', 'Doctor barry is now ready to see you', 178, 178, 177, 263, 1, '2017-01-06 09:25:06'),
(182, 'new', 'now', 'Patient Saul wants an Appointment Now With You', 169, 178, 169, 265, 1, '2017-01-06 09:26:50'),
(183, 'new', 'now', 'Patient Saul wants an Appointment Now With You', 177, 178, 177, 266, 1, '2017-01-06 09:26:51'),
(184, 'new', 'now', 'Patient Saul wants an Appointment Now With You', 182, 178, 182, 267, 0, '2017-01-06 09:26:52'),
(185, 'call', 'now', 'Doctor barry is start call.', 178, 178, 177, 168, 1, '2017-01-06 09:41:12'),
(186, 'new', 'now', 'Patient Saul wants an Appointment Now With You', 173, 178, 173, 268, 0, '2017-01-06 15:56:47'),
(187, 'new', 'now', 'Patient Saul wants an Appointment Now With You', 177, 178, 177, 269, 1, '2017-01-06 15:57:55'),
(188, 'new', 'now', 'Patient Saul wants an Appointment Now With You', 173, 178, 173, 270, 0, '2017-01-06 15:57:55'),
(189, 'ready', 'now', 'Doctor barry is now ready to see you', 178, 178, 177, 269, 1, '2017-01-06 15:58:17'),
(190, 'new', 'now', 'Patient Saul wants an Appointment Now With You', 177, 178, 177, 271, 1, '2017-01-06 16:04:03'),
(191, 'new', 'now', 'Patient Saul wants an Appointment Now With You', 173, 178, 173, 272, 0, '2017-01-06 16:04:04'),
(192, 'ready', 'now', 'Doctor barry is now ready to see you', 178, 178, 177, 271, 1, '2017-01-06 16:04:23'),
(193, 'call', 'now', 'Patient Saul is start call.', 177, 178, 177, 170, 1, '2017-01-06 16:04:34'),
(194, 'call', 'now', 'Doctor barry is start call.', 178, 178, 177, 170, 1, '2017-01-06 16:04:41'),
(195, 'new', 'now', 'Patient Saul wants an Appointment Now With You', 177, 178, 177, 273, 1, '2017-01-07 09:28:07'),
(196, 'new', 'now', 'Patient Saul wants an Appointment Now With You', 173, 178, 173, 274, 0, '2017-01-07 09:28:08'),
(197, 'ready', 'now', 'Doctor barry is now ready to see you', 178, 178, 177, 273, 1, '2017-01-07 09:28:19'),
(198, 'call', 'now', 'Patient Saul is start call.', 177, 178, 177, 171, 1, '2017-01-07 09:28:31'),
(199, 'call', 'now', 'Patient Saul is start call.', 177, 178, 177, 171, 1, '2017-01-07 09:28:39'),
(200, 'call', 'now', 'Doctor barry is start call.', 178, 178, 177, 171, 1, '2017-01-07 09:28:40'),
(201, 'new', 'now', 'Patient Saul wants an Appointment Now With You', 169, 178, 169, 275, 1, '2017-01-07 13:45:12'),
(202, 'new', 'now', 'Patient Saul wants an Appointment Now With You', 184, 178, 184, 276, 1, '2017-01-07 13:45:13'),
(203, 'new', 'now', 'Patient Saul wants an Appointment Now With You', 182, 178, 182, 277, 0, '2017-01-07 13:45:13'),
(204, 'new', 'now', 'Patient Saul wants an Appointment Now With You', 177, 178, 177, 278, 1, '2017-01-07 13:45:54'),
(205, 'new', 'now', 'Patient Saul wants an Appointment Now With You', 173, 178, 173, 279, 0, '2017-01-07 13:45:55'),
(206, 'ready', 'now', 'Doctor barry is now ready to see you', 178, 178, 177, 278, 1, '2017-01-07 13:46:26'),
(207, 'call', 'now', 'Patient Saul is start call.', 177, 178, 177, 172, 1, '2017-01-07 13:46:37'),
(208, 'call', 'now', 'Doctor barry is start call.', 178, 178, 177, 172, 1, '2017-01-07 13:46:41'),
(209, 'new', 'now', 'Patient Platform wants an Appointment Now With You', 173, 188, 173, 280, 0, '2017-01-23 15:30:02'),
(210, 'new', 'now', 'Patient Platform wants an Appointment Now With You', 173, 188, 173, 281, 0, '2017-02-06 15:54:51'),
(211, 'new', 'schedule', 'You have a request for appointment on <b>13-02-2017</b> at <b>12:00:00</b> You will recieve a meeting room url 30 minutes before your meeting time.', 186, 188, 186, 173, 1, '2017-02-06 16:29:07'),
(212, 'cancel', 'schedule', 'Platform has cancelled following appointment with you Date : 13 Feb 2017&nbsp;&nbsp;&nbsp;Time : 12:00 am', 186, 188, 186, 173, 1, '2017-02-07 11:12:27'),
(213, 'new', 'schedule', 'You have a request for appointment on <b>07-02-2017</b> at <b>12:00:00</b> You will recieve a meeting room url 30 minutes before your meeting time.', 186, 187, 186, 174, 1, '2017-02-07 11:18:43'),
(214, 'new', 'now', 'Patient Joe wants an Appointment Now With You', 169, 187, 169, 282, 1, '2017-02-07 12:09:28'),
(215, 'new', 'now', 'Patient Joe wants an Appointment Now With You', 184, 187, 184, 283, 1, '2017-02-07 12:09:28'),
(216, 'new', 'now', 'Patient Joe wants an Appointment Now With You', 182, 187, 182, 284, 0, '2017-02-07 12:09:29'),
(217, 'new', 'now', 'Patient Joe wants an Appointment Now With You', 186, 187, 186, 285, 1, '2017-02-07 12:09:29'),
(218, 'ready', 'now', 'Doctor Mussa is now ready to see you', 187, 187, 186, 285, 1, '2017-02-07 12:11:37'),
(219, 'call', 'now', 'Doctor Mussa is start call.', 187, 187, 186, 175, 1, '2017-02-07 12:11:49'),
(220, 'call', 'now', 'Doctor Mussa is start call.', 187, 187, 186, 175, 1, '2017-02-07 12:12:05'),
(221, 'call', 'now', 'Patient Joe is start call.', 186, 187, 186, 175, 1, '2017-02-07 12:12:34'),
(222, 'new', 'now', 'Patient Joe wants an Appointment Now With You', 169, 187, 169, 286, 1, '2017-02-07 12:38:59'),
(223, 'new', 'now', 'Patient Joe wants an Appointment Now With You', 184, 187, 184, 287, 1, '2017-02-07 12:38:59'),
(224, 'new', 'now', 'Patient Joe wants an Appointment Now With You', 186, 187, 186, 288, 1, '2017-02-07 12:38:59'),
(225, 'new', 'now', 'Patient Joe wants an Appointment Now With You', 182, 187, 182, 289, 0, '2017-02-07 12:39:00'),
(226, 'new', 'now', 'Patient Joe wants an Appointment Now With You', 169, 187, 169, 290, 1, '2017-02-07 12:43:10'),
(227, 'new', 'now', 'Patient Joe wants an Appointment Now With You', 184, 187, 184, 291, 1, '2017-02-07 12:43:11'),
(228, 'new', 'now', 'Patient Joe wants an Appointment Now With You', 186, 187, 186, 292, 1, '2017-02-07 12:43:11'),
(229, 'new', 'now', 'Patient Joe wants an Appointment Now With You', 182, 187, 182, 293, 0, '2017-02-07 12:43:11'),
(230, 'ready', 'now', 'Doctor Mussa is now ready to see you', 187, 187, 186, 292, 1, '2017-02-07 12:43:56'),
(231, 'ready', 'now', 'Doctor Emma is now ready to see you', 187, 187, 184, 287, 1, '2017-02-07 12:45:04'),
(232, 'call', 'now', 'Doctor Emma is start call.', 187, 187, 184, 177, 1, '2017-02-07 12:45:12'),
(233, 'call', 'now', 'Doctor Emma is start call.', 187, 187, 184, 177, 1, '2017-02-07 12:45:22'),
(234, 'cancel', 'schedule', 'Joe has cancelled following appointment with you Date : 07 Feb 2017&nbsp;&nbsp;&nbsp;Time : 12:48 pm', 186, 187, 186, 176, 1, '2017-02-07 12:46:07'),
(235, 'cancel', 'schedule', 'Joe has cancelled following appointment with you Date : 07 Feb 2017&nbsp;&nbsp;&nbsp;Time : 12:50 pm', 184, 187, 184, 177, 1, '2017-02-07 12:46:14'),
(236, 'new', 'now', 'Patient Joe wants an Appointment Now With You', 169, 187, 169, 294, 1, '2017-02-07 12:49:41'),
(237, 'new', 'now', 'Patient Joe wants an Appointment Now With You', 184, 187, 184, 295, 1, '2017-02-07 12:49:41'),
(238, 'new', 'now', 'Patient Joe wants an Appointment Now With You', 186, 187, 186, 296, 1, '2017-02-07 12:49:41'),
(239, 'new', 'now', 'Patient Joe wants an Appointment Now With You', 182, 187, 182, 297, 0, '2017-02-07 12:49:41'),
(240, 'new', 'now', 'Patient Joe wants an Appointment Now With You', 169, 187, 169, 298, 1, '2017-02-07 12:59:37'),
(241, 'new', 'now', 'Patient Joe wants an Appointment Now With You', 184, 187, 184, 299, 1, '2017-02-07 12:59:38'),
(242, 'new', 'now', 'Patient Joe wants an Appointment Now With You', 186, 187, 186, 300, 1, '2017-02-07 12:59:39'),
(243, 'new', 'now', 'Patient Joe wants an Appointment Now With You', 182, 187, 182, 301, 0, '2017-02-07 12:59:39'),
(244, 'new', 'now', 'Patient Joe wants an Appointment Now With You', 169, 187, 169, 302, 1, '2017-02-07 14:16:55'),
(245, 'new', 'now', 'Patient Joe wants an Appointment Now With You', 184, 187, 184, 303, 1, '2017-02-07 14:16:58'),
(246, 'new', 'now', 'Patient Joe wants an Appointment Now With You', 186, 187, 186, 304, 1, '2017-02-07 14:16:59'),
(247, 'new', 'now', 'Patient Joe wants an Appointment Now With You', 182, 187, 182, 305, 0, '2017-02-07 14:16:59'),
(248, 'ready', 'now', 'Doctor Mussa is now ready to see you', 187, 187, 186, 304, 1, '2017-02-07 14:18:21'),
(249, 'cancel', 'schedule', 'Joe has cancelled following appointment with you Date : 07 Feb 2017&nbsp;&nbsp;&nbsp;Time : 02:23 pm', 186, 187, 186, 178, 1, '2017-02-07 14:19:16'),
(250, 'new', 'now', 'Patient Joe wants an Appointment Now With You', 169, 187, 169, 306, 1, '2017-02-07 14:27:50'),
(251, 'new', 'now', 'Patient Joe wants an Appointment Now With You', 184, 187, 184, 307, 1, '2017-02-07 14:27:50'),
(252, 'new', 'now', 'Patient Joe wants an Appointment Now With You', 186, 187, 186, 308, 1, '2017-02-07 14:27:50'),
(253, 'new', 'now', 'Patient Joe wants an Appointment Now With You', 182, 187, 182, 309, 0, '2017-02-07 14:27:50'),
(254, 'ready', 'now', 'Doctor Mussa is now ready to see you', 187, 187, 186, 308, 1, '2017-02-07 14:28:17'),
(255, 'call', 'now', 'Doctor Mussa is start call.', 187, 187, 186, 179, 1, '2017-02-07 14:28:32'),
(256, 'call', 'now', 'Patient Joe is start call.', 186, 187, 186, 179, 1, '2017-02-07 14:28:46'),
(257, 'call', 'now', 'Doctor Mussa is start call.', 187, 187, 186, 179, 1, '2017-02-07 14:29:25'),
(258, 'call', 'now', 'Patient Joe is start call.', 186, 187, 186, 179, 1, '2017-02-07 14:29:43'),
(259, 'call', 'now', 'Doctor Mussa is start call.', 187, 187, 186, 179, 1, '2017-02-07 14:30:34'),
(260, 'new', 'now', 'Patient Joe wants an Appointment Now With You', 169, 187, 169, 310, 1, '2017-02-08 08:28:21'),
(261, 'new', 'now', 'Patient Joe wants an Appointment Now With You', 184, 187, 184, 311, 1, '2017-02-08 08:28:21'),
(262, 'new', 'now', 'Patient Joe wants an Appointment Now With You', 186, 187, 186, 312, 1, '2017-02-08 08:28:21'),
(263, 'new', 'now', 'Patient Joe wants an Appointment Now With You', 182, 187, 182, 313, 0, '2017-02-08 08:28:21'),
(264, 'ready', 'now', 'Doctor Mussa is now ready to see you', 187, 187, 186, 312, 1, '2017-02-08 08:28:41'),
(265, 'call', 'now', 'Patient Joe is start call.', 186, 187, 186, 180, 1, '2017-02-08 08:30:06'),
(266, 'call', 'now', 'Doctor Mussa is start call.', 187, 187, 186, 180, 1, '2017-02-08 08:30:55'),
(267, 'call', 'now', 'Patient Joe is start call.', 186, 187, 186, 180, 1, '2017-02-08 08:31:04'),
(268, 'call', 'now', 'Doctor Mussa is start call.', 187, 187, 186, 180, 1, '2017-02-08 08:32:08'),
(269, 'call', 'now', 'Patient Joe is start call.', 186, 187, 186, 180, 1, '2017-02-08 08:32:43'),
(270, 'call', 'now', 'Doctor Mussa is start call.', 187, 187, 186, 180, 1, '2017-02-08 08:33:04'),
(271, 'call', 'now', 'Doctor Mussa is start call.', 187, 187, 186, 180, 1, '2017-02-08 08:35:08'),
(272, 'new', 'now', 'Patient Joe wants an Appointment Now With You', 169, 187, 169, 314, 1, '2017-02-08 08:39:44'),
(273, 'new', 'now', 'Patient Joe wants an Appointment Now With You', 184, 187, 184, 315, 1, '2017-02-08 08:39:44'),
(274, 'new', 'now', 'Patient Joe wants an Appointment Now With You', 182, 187, 182, 316, 0, '2017-02-08 08:39:45'),
(275, 'new', 'now', 'Patient Joe wants an Appointment Now With You', 186, 187, 186, 317, 1, '2017-02-08 08:39:45'),
(276, 'ready', 'now', 'Doctor Mussa is now ready to see you', 187, 187, 186, 317, 1, '2017-02-08 08:40:41'),
(277, 'call', 'now', 'Doctor Mussa is start call.', 187, 187, 186, 181, 1, '2017-02-08 08:43:25'),
(278, 'call', 'now', 'Patient Joe is start call.', 186, 187, 186, 181, 1, '2017-02-08 08:44:23'),
(279, 'call', 'now', 'Patient Joe is start call.', 186, 187, 186, 181, 1, '2017-02-08 08:47:28'),
(280, 'new', 'now', 'Patient Joe wants an Appointment Now With You', 169, 187, 169, 318, 1, '2017-02-08 08:49:54'),
(281, 'new', 'now', 'Patient Joe wants an Appointment Now With You', 184, 187, 184, 319, 1, '2017-02-08 08:49:54'),
(282, 'new', 'now', 'Patient Joe wants an Appointment Now With You', 182, 187, 182, 320, 0, '2017-02-08 08:49:54'),
(283, 'new', 'now', 'Patient Joe wants an Appointment Now With You', 169, 187, 169, 321, 1, '2017-02-08 08:59:05'),
(284, 'new', 'now', 'Patient Joe wants an Appointment Now With You', 184, 187, 184, 322, 1, '2017-02-08 08:59:05'),
(285, 'new', 'now', 'Patient Joe wants an Appointment Now With You', 182, 187, 182, 323, 0, '2017-02-08 08:59:05'),
(286, 'new', 'now', 'Patient Joe wants an Appointment Now With You', 169, 187, 169, 324, 1, '2017-02-08 09:06:38'),
(287, 'new', 'now', 'Patient Joe wants an Appointment Now With You', 184, 187, 184, 325, 1, '2017-02-08 09:06:38'),
(288, 'new', 'now', 'Patient Joe wants an Appointment Now With You', 182, 187, 182, 326, 0, '2017-02-08 09:06:38'),
(289, 'new', 'now', 'Patient Joe wants an Appointment Now With You', 186, 187, 186, 327, 1, '2017-02-08 09:06:38'),
(290, 'ready', 'now', 'Doctor Mussa is now ready to see you', 187, 187, 186, 327, 1, '2017-02-08 09:07:10'),
(291, 'call', 'now', 'Patient Joe is start call.', 186, 187, 186, 182, 1, '2017-02-08 09:07:38'),
(292, 'call', 'now', 'Doctor Mussa is start call.', 187, 187, 186, 182, 1, '2017-02-08 09:08:20'),
(293, 'new', 'now', 'Patient Joe wants an Appointment Now With You', 169, 187, 169, 328, 1, '2017-02-08 09:21:58'),
(294, 'new', 'now', 'Patient Joe wants an Appointment Now With You', 184, 187, 184, 329, 1, '2017-02-08 09:21:58'),
(295, 'new', 'now', 'Patient Joe wants an Appointment Now With You', 182, 187, 182, 330, 0, '2017-02-08 09:21:59'),
(296, 'new', 'now', 'Patient Joe wants an Appointment Now With You', 186, 187, 186, 331, 1, '2017-02-08 09:21:59'),
(297, 'ready', 'now', 'Doctor Mussa is now ready to see you', 187, 187, 186, 331, 1, '2017-02-08 09:22:14'),
(298, 'call', 'now', 'Doctor Mussa is start call.', 187, 187, 186, 183, 1, '2017-02-08 09:22:21'),
(299, 'call', 'now', 'Patient Joe is start call.', 186, 187, 186, 183, 1, '2017-02-08 09:23:14'),
(300, 'new', 'now', 'Patient Joe wants an Appointment Now With You', 169, 187, 169, 332, 1, '2017-02-08 09:32:30'),
(301, 'new', 'now', 'Patient Joe wants an Appointment Now With You', 184, 187, 184, 333, 1, '2017-02-08 09:32:30'),
(302, 'new', 'now', 'Patient Joe wants an Appointment Now With You', 182, 187, 182, 334, 0, '2017-02-08 09:32:30'),
(303, 'new', 'now', 'Patient Joe wants an Appointment Now With You', 186, 187, 186, 335, 1, '2017-02-08 09:32:31'),
(304, 'ready', 'now', 'Doctor Mussa is now ready to see you', 187, 187, 186, 335, 1, '2017-02-08 09:32:43'),
(305, 'call', 'now', 'Patient Joe is start call.', 186, 187, 186, 184, 1, '2017-02-08 09:33:10'),
(306, 'call', 'now', 'Doctor Mussa is start call.', 187, 187, 186, 184, 1, '2017-02-08 09:33:34'),
(307, 'new', 'schedule', 'You have a request for appointment on <b>08-02-2017</b> at <b>07:00:00</b> You will recieve a meeting room url 30 minutes before your meeting time.', 186, 187, 186, 186, 1, '2017-02-08 12:28:16'),
(308, 'new', 'schedule', 'You have a request for appointment on <b>08-02-2017</b> at <b>01:00:00</b> You will recieve a meeting room url 30 minutes before your meeting time.', 186, 187, 186, 187, 1, '2017-02-08 12:52:40'),
(309, 'reminder-30-min', 'schedule', 'Your appointment with Dr Mussa Mpelepele on <b>08-02-2017</b> at <b>01:00:00</b> will start in 30 minutes.', 187, 187, 186, 187, 1, '2017-02-08 12:55:04'),
(310, 'reminder-30-min', 'schedule', 'Your meeting with Joe Mussa on <b>08-02-2017</b> at <b>01:00:00</b> will start in 30 minutes.', 186, 187, 186, 187, 1, '2017-02-08 12:55:04'),
(311, 'new', 'schedule', 'You have a request for appointment on <b>08-02-2017</b> at <b>01:15:00</b> You will recieve a meeting room url 30 minutes before your meeting time.', 186, 187, 186, 188, 1, '2017-02-08 13:05:07'),
(312, 'call', 'now', 'Patient Joe is start call.', 186, 187, 186, 187, 1, '2017-02-08 13:09:31'),
(313, 'reminder-30-min', 'schedule', 'Your appointment with Dr Mussa Mpelepele on <b>08-02-2017</b> at <b>01:15:00</b> will start in 30 minutes.', 187, 187, 186, 188, 1, '2017-02-08 13:10:18'),
(314, 'reminder-30-min', 'schedule', 'Your meeting with Joe Mussa on <b>08-02-2017</b> at <b>01:15:00</b> will start in 30 minutes.', 186, 187, 186, 188, 1, '2017-02-08 13:10:18'),
(315, 'call', 'now', 'Patient Joe is start call.', 186, 187, 186, 188, 1, '2017-02-08 13:10:34'),
(316, 'call', 'now', 'Doctor Mussa is start call.', 187, 187, 186, 188, 1, '2017-02-08 13:10:53'),
(317, 'new', 'schedule', 'You have a request for appointment on <b>08-02-2017</b> at <b>02:45:00</b> You will recieve a meeting room url 30 minutes before your meeting time.', 186, 187, 186, 189, 1, '2017-02-08 13:19:38'),
(318, 'reminder-30-min', 'schedule', 'Your appointment with Dr Mussa Mpelepele on <b>08-02-2017</b> at <b>02:45:00</b> will start in 30 minutes.', 187, 187, 186, 189, 1, '2017-02-08 14:15:12'),
(319, 'reminder-30-min', 'schedule', 'Your meeting with Joe Mussa on <b>08-02-2017</b> at <b>02:45:00</b> will start in 30 minutes.', 186, 187, 186, 189, 1, '2017-02-08 14:15:12'),
(320, 'call', 'now', 'Patient Joe is start call.', 186, 187, 186, 189, 1, '2017-02-08 14:42:34'),
(321, 'call', 'now', 'Patient Joe is start call.', 186, 187, 186, 189, 1, '2017-02-08 14:53:28'),
(322, 'new', 'schedule', 'You have a request for appointment on <b>08-02-2017</b> at <b>03:30:00</b> You will recieve a meeting room url 30 minutes before your meeting time.', 186, 187, 186, 190, 1, '2017-02-08 14:56:25'),
(323, 'reminder-30-min', 'schedule', 'Your appointment with Dr Mussa Mpelepele on <b>08-02-2017</b> at <b>03:30:00</b> will start in 30 minutes.', 187, 187, 186, 190, 1, '2017-02-08 15:00:09'),
(324, 'reminder-30-min', 'schedule', 'Your meeting with Joe Mussa on <b>08-02-2017</b> at <b>03:30:00</b> will start in 30 minutes.', 186, 187, 186, 190, 1, '2017-02-08 15:00:09'),
(325, 'new', 'now', 'Patient Platform wants an Appointment Now With You', 169, 188, 169, 336, 1, '2017-02-08 15:00:27'),
(326, 'new', 'now', 'Patient Platform wants an Appointment Now With You', 184, 188, 184, 337, 1, '2017-02-08 15:00:27'),
(327, 'new', 'now', 'Patient Platform wants an Appointment Now With You', 182, 188, 182, 338, 0, '2017-02-08 15:00:28'),
(328, 'new', 'now', 'Patient Platform wants an Appointment Now With You', 186, 188, 186, 339, 1, '2017-02-08 15:00:28'),
(329, 'ready', 'now', 'Doctor Mussa is now ready to see you', 188, 188, 186, 339, 1, '2017-02-08 15:06:51'),
(330, 'call', 'now', 'Doctor Mussa is start call.', 188, 188, 186, 191, 1, '2017-02-08 15:06:57'),
(331, 'call', 'now', 'Doctor Mussa is start call.', 188, 188, 186, 191, 1, '2017-02-08 15:07:10'),
(332, 'call', 'now', 'Doctor Mussa is start call.', 188, 188, 186, 191, 1, '2017-02-08 15:07:55'),
(333, 'new', 'now', 'Patient Platform wants an Appointment Now With You', 173, 188, 173, 340, 0, '2017-02-08 15:12:50'),
(334, 'new', 'schedule', 'You have a request for appointment on <b>08-02-2017</b> at <b>03:45:00</b> You will recieve a meeting room url 30 minutes before your meeting time.', 186, 187, 186, 192, 1, '2017-02-08 15:35:56'),
(335, 'reminder-30-min', 'schedule', 'Your appointment with Dr Mussa Mpelepele on <b>08-02-2017</b> at <b>03:45:00</b> will start in 30 minutes.', 187, 187, 186, 192, 1, '2017-02-08 15:40:04'),
(336, 'reminder-30-min', 'schedule', 'Your meeting with Joe Mussa on <b>08-02-2017</b> at <b>03:45:00</b> will start in 30 minutes.', 186, 187, 186, 192, 1, '2017-02-08 15:40:04'),
(337, 'new', 'now', 'Patient Platform wants an Appointment Now With You', 169, 188, 169, 341, 1, '2017-02-08 15:46:33'),
(338, 'new', 'now', 'Patient Platform wants an Appointment Now With You', 184, 188, 184, 342, 1, '2017-02-08 15:46:33'),
(339, 'new', 'now', 'Patient Platform wants an Appointment Now With You', 182, 188, 182, 343, 0, '2017-02-08 15:46:33'),
(340, 'new', 'now', 'Patient Platform wants an Appointment Now With You', 186, 188, 186, 344, 1, '2017-02-08 15:46:34'),
(341, 'call', 'now', 'Patient Joe is start call.', 186, 187, 186, 192, 1, '2017-02-08 15:55:18'),
(342, 'call', 'now', 'Patient Joe is start call.', 186, 187, 186, 192, 1, '2017-02-08 15:56:02'),
(343, 'call', 'now', 'Patient Joe is start call.', 186, 187, 186, 192, 1, '2017-02-08 16:26:01'),
(344, 'new', 'schedule', 'You have a request for appointment on <b>19-02-2017</b> at <b>04:30:00</b> You will recieve a meeting room url 30 minutes before your meeting time.', 186, 187, 186, 193, 1, '2017-02-08 16:27:21'),
(345, 'new', 'schedule', 'You have a request for appointment on <b>17-02-2017</b> at <b>07:15:00</b> You will recieve a meeting room url 30 minutes before your meeting time.', 186, 188, 186, 194, 1, '2017-02-08 16:28:36'),
(346, 'cancel', 'schedule', 'Joe has cancelled following appointment with you Date : 19 Feb 2017&nbsp;&nbsp;&nbsp;Time : 04:30 pm', 186, 187, 186, 193, 1, '2017-02-08 16:33:13'),
(347, 'new', 'now', 'Patient Joe wants an Appointment Now With You', 173, 187, 173, 345, 0, '2017-02-08 16:47:43'),
(348, 'new', 'now', 'Patient Joe wants an Appointment Now With You', 173, 187, 173, 346, 0, '2017-02-08 16:49:32'),
(349, 'new', 'now', 'Patient Joe wants an Appointment Now With You', 194, 187, 194, 347, 1, '2017-02-08 16:49:32'),
(350, 'ready', 'now', 'Doctor Prof  is now ready to see you', 187, 187, 194, 347, 1, '2017-02-08 16:49:56'),
(351, 'call', 'now', 'Doctor Prof  is start call.', 187, 187, 194, 195, 1, '2017-02-08 16:51:00'),
(352, 'call', 'now', 'Patient Joe is start call.', 194, 187, 194, 195, 1, '2017-02-08 16:51:14'),
(353, 'call', 'now', 'Patient Joe is start call.', 194, 187, 194, 195, 1, '2017-02-08 16:51:18'),
(354, 'new', 'now', 'Patient Joe wants an Appointment Now With You', 173, 187, 173, 348, 0, '2017-02-09 09:23:47'),
(355, 'new', 'now', 'Patient Joe wants an Appointment Now With You', 194, 187, 194, 349, 1, '2017-02-09 09:23:48'),
(356, 'ready', 'now', 'Doctor Prof  is now ready to see you', 187, 187, 194, 349, 1, '2017-02-09 09:24:05'),
(357, 'call', 'now', 'Patient Joe is start call.', 194, 187, 194, 196, 1, '2017-02-09 09:24:50'),
(358, 'call', 'now', 'Patient Joe is start call.', 194, 187, 194, 196, 1, '2017-02-09 09:24:55'),
(359, 'call', 'now', 'Doctor Prof  is start call.', 187, 187, 194, 196, 1, '2017-02-09 09:25:04'),
(360, 'new', 'now', 'Patient Joe wants an Appointment Now With You', 194, 187, 194, 350, 1, '2017-02-09 09:32:15'),
(361, 'new', 'now', 'Patient Joe wants an Appointment Now With You', 173, 187, 173, 351, 0, '2017-02-09 09:32:15'),
(362, 'ready', 'now', 'Doctor Prof  is now ready to see you', 187, 187, 194, 350, 1, '2017-02-09 09:32:27'),
(363, 'call', 'now', 'Doctor Prof  is start call.', 187, 187, 194, 197, 1, '2017-02-09 09:32:32'),
(364, 'call', 'now', 'Patient Joe is start call.', 194, 187, 194, 197, 1, '2017-02-09 09:32:47'),
(365, 'new', 'now', 'Patient Platform wants an Appointment Now With You', 194, 188, 194, 352, 1, '2017-02-09 09:40:55'),
(366, 'new', 'now', 'Patient Platform wants an Appointment Now With You', 173, 188, 173, 353, 0, '2017-02-09 09:40:55'),
(367, 'ready', 'now', 'Doctor Prof  is now ready to see you', 188, 188, 194, 352, 1, '2017-02-09 09:41:16'),
(368, 'call', 'now', 'Doctor Prof  is start call.', 188, 188, 194, 198, 1, '2017-02-09 09:41:19'),
(369, 'call', 'now', 'Doctor Prof  is start call.', 188, 188, 194, 198, 1, '2017-02-09 09:41:24'),
(370, 'call', 'now', 'Patient Platform is start call.', 194, 188, 194, 198, 1, '2017-02-09 09:41:34'),
(371, 'new', 'now', 'Patient Platform wants an Appointment Now With You', 194, 188, 194, 354, 1, '2017-02-09 10:38:58'),
(372, 'new', 'now', 'Patient Platform wants an Appointment Now With You', 173, 188, 173, 355, 0, '2017-02-09 10:38:58'),
(373, 'ready', 'now', 'Doctor Prof  is now ready to see you', 188, 188, 194, 354, 1, '2017-02-09 10:39:09'),
(374, 'call', 'now', 'Doctor Prof  is start call.', 188, 188, 194, 199, 1, '2017-02-09 10:46:11'),
(375, 'new', 'now', 'Patient Joe wants an Appointment Now With You', 169, 187, 169, 356, 1, '2017-02-09 10:50:27'),
(376, 'new', 'now', 'Patient Joe wants an Appointment Now With You', 184, 187, 184, 357, 1, '2017-02-09 10:50:27'),
(377, 'new', 'now', 'Patient Joe wants an Appointment Now With You', 182, 187, 182, 358, 0, '2017-02-09 10:50:28'),
(378, 'new', 'now', 'Patient Joe wants an Appointment Now With You', 186, 187, 186, 359, 1, '2017-02-09 10:50:28'),
(379, 'ready', 'now', 'Doctor Mussa is now ready to see you', 187, 187, 186, 359, 1, '2017-02-09 10:50:43'),
(380, 'call', 'now', 'Patient Joe is start call.', 186, 187, 186, 200, 1, '2017-02-09 10:51:33'),
(381, 'call', 'now', 'Patient Joe is start call.', 186, 187, 186, 200, 1, '2017-02-09 10:51:38'),
(382, 'call', 'now', 'Doctor Mussa is start call.', 187, 187, 186, 200, 1, '2017-02-09 10:51:39'),
(383, 'new', 'schedule', 'You have a request for appointment on <b>09-02-2017</b> at <b>11:30:00</b> You will recieve a meeting room url 30 minutes before your meeting time.', 194, 187, 194, 201, 1, '2017-02-09 11:06:22'),
(384, 'reminder-30-min', 'schedule', 'Your appointment with Dr Prof  Jerkins on <b>09-02-2017</b> at <b>11:30:00</b> will start in 30 minutes.', 187, 187, 194, 201, 1, '2017-02-09 11:10:06'),
(385, 'reminder-30-min', 'schedule', 'Your meeting with Joe Mussa on <b>09-02-2017</b> at <b>11:30:00</b> will start in 30 minutes.', 194, 187, 194, 201, 1, '2017-02-09 11:10:07'),
(386, 'call', 'now', 'Patient Joe is start call.', 194, 187, 194, 201, 1, '2017-02-09 11:29:52'),
(387, 'call', 'now', 'Doctor Prof  is start call.', 187, 187, 194, 201, 1, '2017-02-09 11:30:03'),
(388, 'new', 'now', 'Patient Joe wants an Appointment Now With You', 169, 187, 169, 360, 1, '2017-02-09 12:13:38'),
(389, 'new', 'now', 'Patient Joe wants an Appointment Now With You', 184, 187, 184, 361, 1, '2017-02-09 12:13:39'),
(390, 'new', 'now', 'Patient Joe wants an Appointment Now With You', 182, 187, 182, 362, 0, '2017-02-09 12:13:40'),
(391, 'new', 'now', 'Patient Joe wants an Appointment Now With You', 186, 187, 186, 363, 1, '2017-02-09 12:13:40'),
(392, 'ready', 'now', 'Doctor Mussa is now ready to see you', 187, 187, 186, 363, 1, '2017-02-09 12:13:56'),
(393, 'call', 'now', 'Doctor Mussa is start call.', 187, 187, 186, 202, 1, '2017-02-09 12:14:01'),
(394, 'call', 'now', 'Patient Joe is start call.', 186, 187, 186, 202, 1, '2017-02-09 12:14:16'),
(395, 'new', 'schedule', 'You have a request for appointment on <b>12-02-2017</b> at <b>09:00:00</b> You will recieve a meeting room url 30 minutes before your meeting time.', 195, 187, 195, 203, 1, '2017-02-12 08:37:22'),
(396, 'reminder-30-min', 'schedule', 'Your appointment with Dr Ringo Manlingozi on <b>12-02-2017</b> at <b>09:00:00</b> will start in 30 minutes.', 187, 187, 195, 203, 1, '2017-02-12 08:40:03'),
(397, 'reminder-30-min', 'schedule', 'Your meeting with Joe Mussa on <b>12-02-2017</b> at <b>09:00:00</b> will start in 30 minutes.', 195, 187, 195, 203, 1, '2017-02-12 08:40:03'),
(398, 'call', 'now', 'Patient Joe is start call.', 195, 187, 195, 203, 1, '2017-02-12 08:40:23'),
(399, 'call', 'now', 'Patient Joe is start call.', 195, 187, 195, 203, 1, '2017-02-12 08:40:38'),
(400, 'call', 'now', 'Doctor Ringo is start call.', 187, 187, 195, 203, 1, '2017-02-12 08:41:11'),
(401, 'new', 'schedule', 'You have a request for appointment on <b>13-02-2017</b> at <b>09:00:00</b> You will recieve a meeting room url 30 minutes before your meeting time.', 195, 187, 195, 204, 1, '2017-02-13 08:09:13'),
(402, 'cancel', 'schedule', 'Joe has cancelled following appointment with you Date : 13 Feb 2017&nbsp;&nbsp;&nbsp;Time : 09:00 am', 195, 187, 195, 204, 1, '2017-02-13 08:09:53'),
(403, 'new', 'now', 'Patient Joe wants an Appointment Now With You', 169, 187, 169, 364, 1, '2017-02-13 08:38:23'),
(404, 'new', 'now', 'Patient Joe wants an Appointment Now With You', 184, 187, 184, 365, 1, '2017-02-13 08:38:23'),
(405, 'new', 'now', 'Patient Joe wants an Appointment Now With You', 182, 187, 182, 366, 0, '2017-02-13 08:38:23'),
(406, 'new', 'now', 'Patient Joe wants an Appointment Now With You', 169, 187, 169, 367, 1, '2017-02-13 08:44:05'),
(407, 'new', 'now', 'Patient Joe wants an Appointment Now With You', 184, 187, 184, 368, 1, '2017-02-13 08:44:06'),
(408, 'new', 'now', 'Patient Joe wants an Appointment Now With You', 182, 187, 182, 369, 0, '2017-02-13 08:44:08'),
(409, 'new', 'now', 'Patient Joe wants an Appointment Now With You', 186, 187, 186, 370, 1, '2017-02-13 08:44:12'),
(410, 'ready', 'now', 'Doctor Mussa is now ready to see you', 187, 187, 186, 370, 1, '2017-02-13 08:44:19'),
(411, 'call', 'now', 'Doctor Mussa is start call.', 187, 187, 186, 205, 1, '2017-02-13 08:44:22'),
(412, 'call', 'now', 'Doctor Mussa is start call.', 187, 187, 186, 205, 1, '2017-02-13 08:44:31'),
(413, 'call', 'now', 'Patient Joe is start call.', 186, 187, 186, 205, 1, '2017-02-13 08:44:41'),
(414, 'new', 'now', 'Patient lante wants an Appointment Now With You', 169, 161, 169, 367, 1, '2017-02-15 12:42:43'),
(415, 'new', 'now', 'Patient lante wants an Appointment Now With You', 184, 161, 184, 368, 1, '2017-02-15 12:42:43'),
(416, 'new', 'now', 'Patient lante wants an Appointment Now With You', 182, 161, 182, 369, 0, '2017-02-15 12:42:44'),
(417, 'new', 'now', 'Patient lante wants an Appointment Now With You', 186, 161, 186, 370, 0, '2017-02-15 12:42:44'),
(418, 'reminder-30-min', 'schedule', 'Your appointment with Dr Mussa Mpelepele on <b>17-02-2017</b> at <b>07:15:00</b> will start in 30 minutes.', 188, 188, 186, 194, 1, '2017-02-17 06:45:04'),
(419, 'reminder-30-min', 'schedule', 'Your meeting with Platform User on <b>17-02-2017</b> at <b>07:15:00</b> will start in 30 minutes.', 186, 188, 186, 194, 0, '2017-02-17 06:45:04'),
(420, 'new', 'schedule', 'You have a request for appointment on <b>20-02-2017</b> at <b>02:00:00</b> You will recieve a meeting room url 30 minutes before your meeting time.', 186, 188, 186, 206, 0, '2017-02-20 12:14:17'),
(421, 'cancel', 'schedule', 'Platform has cancelled following appointment with you Date : 20 Feb 2017&nbsp;&nbsp;&nbsp;Time : 02:00 pm', 186, 188, 186, 206, 0, '2017-02-20 12:15:08');
INSERT INTO `notification` (`notification_id`, `notification_type`, `appointment_type`, `message`, `user_id`, `p_id`, `d_id`, `appointment_id`, `is_view`, `created_date`) VALUES
(422, 'new', 'schedule', 'You have a request for appointment on <b>20-02-2017</b> at <b>02:15:00</b> You will recieve a meeting room url 30 minutes before your meeting time.', 186, 188, 186, 207, 0, '2017-02-20 12:57:47'),
(423, 'reminder-30-min', 'schedule', 'Your appointment with Dr Mussa Mpelepele on <b>20-02-2017</b> at <b>02:15:00</b> will start in 30 minutes.', 188, 188, 186, 207, 1, '2017-02-20 13:45:07'),
(424, 'reminder-30-min', 'schedule', 'Your meeting with Platform User on <b>20-02-2017</b> at <b>02:15:00</b> will start in 30 minutes.', 186, 188, 186, 207, 0, '2017-02-20 13:45:09'),
(425, 'new', 'now', 'Patient Platform wants an Appointment Now With You', 169, 188, 169, 371, 1, '2017-02-23 11:17:43'),
(426, 'new', 'now', 'Patient Platform wants an Appointment Now With You', 184, 188, 184, 372, 1, '2017-02-23 11:17:43'),
(427, 'new', 'now', 'Patient Platform wants an Appointment Now With You', 182, 188, 182, 373, 0, '2017-02-23 11:17:43'),
(428, 'new', 'now', 'Patient Platform wants an Appointment Now With You', 186, 188, 186, 374, 0, '2017-02-23 11:17:44'),
(429, 'ready', 'now', 'Doctor Mussa is now ready to see you', 188, 188, 186, 374, 0, '2017-02-23 11:18:28'),
(430, 'call', 'now', 'Doctor Mussa is start call.', 188, 188, 186, 208, 0, '2017-02-23 11:19:24'),
(431, 'call', 'now', 'Doctor Mussa is start call.', 188, 188, 186, 208, 0, '2017-02-23 11:19:36'),
(432, 'call', 'now', 'Patient Platform is start call.', 186, 188, 186, 208, 0, '2017-02-23 11:21:58'),
(433, 'new', 'schedule', 'You have a request for appointment on <b>23-02-2017</b> at <b>11:45:00</b> You will recieve a meeting room url 30 minutes before your meeting time.', 186, 188, 186, 209, 0, '2017-02-23 11:23:59'),
(434, 'reminder-30-min', 'schedule', 'Your appointment with Dr Mussa Mpelepele on <b>23-02-2017</b> at <b>11:45:00</b> will start in 30 minutes.', 188, 188, 186, 209, 0, '2017-02-23 11:25:02'),
(435, 'reminder-30-min', 'schedule', 'Your meeting with Platform User on <b>23-02-2017</b> at <b>11:45:00</b> will start in 30 minutes.', 186, 188, 186, 209, 0, '2017-02-23 11:25:02'),
(436, 'new', 'now', 'Patient lante wants an Appointment Now With You', 169, 161, 169, 371, 1, '2017-10-11 15:11:16'),
(437, 'new', 'now', 'Patient lante wants an Appointment Now With You', 184, 161, 184, 372, 1, '2017-10-11 15:11:16'),
(438, 'new', 'now', 'Patient lante wants an Appointment Now With You', 182, 161, 182, 373, 0, '2017-10-11 15:11:17'),
(439, 'new', 'now', 'Patient lante wants an Appointment Now With You', 169, 161, 169, 374, 1, '2017-11-06 17:07:03'),
(440, 'new', 'now', 'Patient lante wants an Appointment Now With You', 184, 161, 184, 375, 1, '2017-11-06 17:07:04'),
(441, 'new', 'now', 'Patient lante wants an Appointment Now With You', 182, 161, 182, 376, 0, '2017-11-06 17:07:04'),
(442, 'new', 'now', 'Patient lante wants an Appointment Now With You', 169, 161, 169, 377, 1, '2017-11-22 16:35:13'),
(443, 'new', 'now', 'Patient lante wants an Appointment Now With You', 184, 161, 184, 378, 1, '2017-11-22 16:35:14'),
(444, 'new', 'now', 'Patient lante wants an Appointment Now With You', 182, 161, 182, 379, 0, '2017-11-22 16:35:14'),
(445, 'ready', 'now', 'Doctor Ishe is now ready to see you', 161, 161, 169, 377, 1, '2017-11-22 16:40:55'),
(446, 'new', 'now', 'Patient Yoyo wants an Appointment Now With You', 169, 198, 169, 380, 1, '2017-11-27 19:06:58'),
(447, 'new', 'now', 'Patient Yoyo wants an Appointment Now With You', 184, 198, 184, 381, 1, '2017-11-27 19:06:58'),
(448, 'new', 'now', 'Patient Yoyo wants an Appointment Now With You', 182, 198, 182, 382, 0, '2017-11-27 19:06:58'),
(449, 'ready', 'now', 'Doctor Emma is now ready to see you', 198, 198, 184, 381, 1, '2017-11-27 19:09:19'),
(450, 'call', 'now', 'Doctor Emma is start call.', 198, 198, 184, 211, 1, '2017-11-27 19:09:32'),
(451, 'call', 'now', 'Doctor Emma is start call.', 198, 198, 184, 211, 1, '2017-11-27 19:09:38'),
(452, 'call', 'now', 'Patient Yoyo is start call.', 184, 198, 184, 211, 1, '2017-11-27 19:10:01'),
(453, 'call', 'now', 'Patient Yoyo is start call.', 184, 198, 184, 211, 1, '2017-11-27 19:11:46'),
(454, 'call', 'now', 'Doctor Emma is start call.', 198, 198, 184, 211, 1, '2017-11-27 19:12:39'),
(455, 'call', 'now', 'Doctor Emma is start call.', 198, 198, 184, 211, 1, '2017-11-27 19:12:47'),
(456, 'call', 'now', 'Doctor Emma is start call.', 198, 198, 184, 211, 1, '2017-11-27 19:13:59'),
(457, 'call', 'now', 'Patient Yoyo is start call.', 184, 198, 184, 211, 1, '2017-11-27 19:14:49'),
(458, 'new', 'now', 'Patient Yoyo wants an Appointment Now With You', 169, 198, 169, 383, 1, '2017-11-28 18:47:44'),
(459, 'new', 'now', 'Patient Yoyo wants an Appointment Now With You', 184, 198, 184, 384, 1, '2017-11-28 18:47:45'),
(460, 'new', 'now', 'Patient Yoyo wants an Appointment Now With You', 182, 198, 182, 385, 0, '2017-11-28 18:47:45'),
(461, 'ready', 'now', 'Doctor Emma is now ready to see you', 198, 198, 184, 384, 0, '2017-11-28 18:48:01'),
(462, 'call', 'now', 'Doctor Emma is start call.', 198, 198, 184, 212, 0, '2017-11-28 18:48:05'),
(463, 'call', 'now', 'Doctor Emma is start call.', 198, 198, 184, 212, 0, '2017-11-28 18:48:09'),
(464, 'call', 'now', 'Patient lante has started the call.', 177, 161, 177, 213, 1, '2018-01-18 06:56:27'),
(465, 'call', 'now', 'Patient lante has started the call.', 177, 161, 177, 213, 1, '2018-01-18 07:28:02'),
(466, 'new', 'schedule', 'You have a request for appointment on <b>18-01-2018</b> at <b>01:30:00</b> You will recieve a meeting room url 30 minutes before your meeting time.', 177, 161, 177, 215, 1, '2018-01-18 08:25:10'),
(467, 'new', 'schedule', 'You have a request for appointment on <b>18-01-2018</b> at <b>05:45:00</b> You will recieve a meeting room url 30 minutes before your meeting time.', 177, 161, 177, 217, 1, '2018-01-18 08:31:08'),
(468, 'new', 'schedule', 'You have a request for appointment on <b>18-01-2018</b> at <b>02:15:00</b> You will recieve a meeting room url 30 minutes before your meeting time.', 177, 177, 177, 219, 1, '2018-01-18 09:04:55'),
(469, 'reminder-30-min', 'schedule', 'Your appointment with Dr barry P on <b>18-01-2018</b> at <b>01:30:00</b> will start in 30 minutes.', 161, 161, 177, 215, 1, '2018-01-18 13:00:03'),
(470, 'reminder-30-min', 'schedule', 'Your meeting with lante luthuli on <b>18-01-2018</b> at <b>01:30:00</b> will start in 30 minutes.', 177, 161, 177, 215, 1, '2018-01-18 13:00:03'),
(471, 'reminder-30-min', 'schedule', 'Your appointment with Dr barry P on <b>18-01-2018</b> at <b>02:15:00</b> will start in 30 minutes.', 177, 177, 177, 219, 1, '2018-01-18 13:45:03'),
(472, 'reminder-30-min', 'schedule', 'Your meeting with barry P on <b>18-01-2018</b> at <b>02:15:00</b> will start in 30 minutes.', 177, 177, 177, 219, 1, '2018-01-18 13:45:03'),
(473, 'reminder-30-min', 'schedule', 'Your appointment with Dr barry P on <b>18-01-2018</b> at <b>05:45:00</b> will start in 30 minutes.', 161, 161, 177, 217, 1, '2018-01-18 17:15:03'),
(474, 'reminder-30-min', 'schedule', 'Your meeting with lante luthuli on <b>18-01-2018</b> at <b>05:45:00</b> will start in 30 minutes.', 177, 161, 177, 217, 1, '2018-01-18 17:15:03'),
(475, 'new', 'schedule', 'You have a request for appointment on <b>19-01-2018</b> at <b>02:15:00</b> You will recieve a meeting room url 30 minutes before your meeting time.', 177, 177, 177, 222, 1, '2018-01-19 07:41:36'),
(476, 'new', 'schedule', 'You have a request for appointment on <b>19-01-2018</b> at <b>07:15:00</b> You will recieve a meeting room url 30 minutes before your meeting time.', 177, 177, 177, 223, 1, '2018-01-19 07:43:05'),
(477, 'new', 'schedule', 'You have a request for appointment on <b>19-01-2018</b> at <b>07:00:00</b> You will recieve a meeting room url 30 minutes before your meeting time.', 177, 161, 177, 224, 1, '2018-01-19 11:45:56'),
(478, 'call', 'now', 'Patient lante has started the call.', 177, 161, 177, 225, 1, '2018-01-19 11:46:44'),
(479, 'call', 'now', 'Patient lante has started the call.', 177, 161, 177, 225, 1, '2018-01-19 11:46:55'),
(480, 'call', 'now', 'Doctor barry has started the call.', 161, 161, 177, 225, 1, '2018-01-19 11:47:04'),
(481, 'new', 'schedule', 'You have a request for appointment on <b>02-02-2018</b> at <b>02:00:00</b> You will recieve a meeting room url 30 minutes before your meeting time.', 177, 161, 177, 226, 1, '2018-01-19 11:58:47'),
(482, 'call', 'now', 'Patient lante has started the call.', 177, 161, 177, 227, 1, '2018-01-19 12:03:45'),
(483, 'call', 'now', 'Doctor barry has started the call.', 161, 161, 177, 227, 1, '2018-01-19 12:03:50'),
(484, 'call', 'now', 'Doctor barry has started the call.', 161, 161, 177, 228, 1, '2018-01-19 12:22:21'),
(485, 'call', 'now', 'Patient lante has started the call.', 177, 161, 177, 228, 1, '2018-01-19 12:22:27'),
(486, 'call', 'now', 'Patient lante has started the call.', 177, 161, 177, 228, 1, '2018-01-19 12:23:17'),
(487, 'call', 'now', 'Doctor barry has started the call.', 161, 161, 177, 229, 1, '2018-01-19 13:05:17'),
(488, 'call', 'now', 'Patient lante has started the call.', 177, 161, 177, 229, 1, '2018-01-19 13:05:29'),
(489, 'new', 'schedule', 'You have a request for appointment on <b>19-01-2018</b> at <b>04:45:00</b> You will recieve a meeting room url 30 minutes before your meeting time.', 177, 161, 177, 230, 1, '2018-01-19 13:11:24'),
(490, 'reminder-30-min', 'schedule', 'Your appointment with Dr barry P on <b>19-01-2018</b> at <b>02:15:00</b> will start in 30 minutes.', 177, 177, 177, 222, 1, '2018-01-19 13:45:03'),
(491, 'reminder-30-min', 'schedule', 'Your meeting with barry P on <b>19-01-2018</b> at <b>02:15:00</b> will start in 30 minutes.', 177, 177, 177, 222, 1, '2018-01-19 13:45:03'),
(492, 'call', 'now', 'Doctor Niv has started the call.', 161, 161, 200, 231, 1, '2018-01-19 15:38:28'),
(493, 'call', 'now', 'Doctor Niv has started the call.', 161, 161, 200, 231, 1, '2018-01-19 15:38:44'),
(494, 'call', 'now', 'Doctor barry has started the call.', 161, 161, 177, 232, 1, '2018-01-19 15:39:24'),
(495, 'call', 'now', 'Patient lante has started the call.', 200, 161, 200, 231, 1, '2018-01-19 15:39:44'),
(496, 'call', 'now', 'Patient lante has started the call.', 200, 161, 200, 233, 1, '2018-01-19 15:43:41'),
(497, 'reminder-30-min', 'schedule', 'Your appointment with Dr barry P on <b>19-01-2018</b> at <b>04:45:00</b> will start in 30 minutes.', 161, 161, 177, 230, 1, '2018-01-19 16:15:03'),
(498, 'reminder-30-min', 'schedule', 'Your meeting with lante luthuli on <b>19-01-2018</b> at <b>04:45:00</b> will start in 30 minutes.', 177, 161, 177, 230, 1, '2018-01-19 16:15:03'),
(499, 'reminder-30-min', 'schedule', 'Your appointment with Dr barry P on <b>19-01-2018</b> at <b>07:00:00</b> will start in 30 minutes.', 161, 161, 177, 224, 1, '2018-01-19 18:30:03'),
(500, 'reminder-30-min', 'schedule', 'Your meeting with lante luthuli on <b>19-01-2018</b> at <b>07:00:00</b> will start in 30 minutes.', 177, 161, 177, 224, 1, '2018-01-19 18:30:03'),
(501, 'reminder-30-min', 'schedule', 'Your appointment with Dr barry P on <b>19-01-2018</b> at <b>07:15:00</b> will start in 30 minutes.', 177, 177, 177, 223, 1, '2018-01-19 18:45:02'),
(502, 'reminder-30-min', 'schedule', 'Your meeting with barry P on <b>19-01-2018</b> at <b>07:15:00</b> will start in 30 minutes.', 177, 177, 177, 223, 1, '2018-01-19 18:45:02'),
(503, 'call', 'now', 'Patient lante has started the call.', 200, 161, 200, 235, 1, '2018-01-23 12:25:07'),
(504, 'call', 'now', 'Patient lante has started the call.', 200, 161, 200, 235, 1, '2018-01-23 12:25:15'),
(505, 'call', 'now', 'Doctor Niv has started the call.', 161, 161, 200, 235, 1, '2018-01-23 12:25:27'),
(506, 'call', 'now', 'Doctor Niv has started the call.', 161, 161, 200, 236, 1, '2018-01-23 12:26:47'),
(507, 'call', 'now', 'Patient lante has started the call.', 200, 161, 200, 237, 1, '2018-01-23 12:33:20'),
(508, 'call', 'now', 'Doctor Niv has started the call.', 161, 161, 200, 237, 1, '2018-01-23 12:35:59'),
(509, 'call', 'now', 'Doctor barry has started the call.', 161, 161, 177, 239, 1, '2018-01-23 13:18:40'),
(510, 'call', 'now', 'Doctor barry has started the call.', 161, 161, 177, 239, 1, '2018-01-23 13:18:47'),
(511, 'call', 'now', 'Patient lante has started the call.', 177, 161, 177, 239, 1, '2018-01-23 13:19:01'),
(512, 'call', 'now', 'Patient lante has started the call.', 177, 161, 177, 239, 1, '2018-01-23 13:19:41'),
(513, 'call', 'now', 'Patient lante has started the call.', 177, 161, 177, 239, 1, '2018-01-23 13:20:03'),
(514, 'new', 'now', 'Patient lante wants an Appointment Now With You', 169, 161, 169, 501, 0, '2018-01-24 10:08:41'),
(515, 'new', 'now', 'Patient lante wants an Appointment Now With You', 184, 161, 184, 502, 1, '2018-01-24 10:08:42'),
(516, 'new', 'now', 'Patient lante wants an Appointment Now With You', 182, 161, 182, 503, 0, '2018-01-24 10:08:42'),
(517, 'call', 'now', 'Doctor Emma has started the call.', 161, 161, 184, 240, 1, '2018-01-24 10:09:02'),
(518, 'call', 'now', 'Doctor Emma has started the call.', 161, 161, 184, 240, 1, '2018-01-24 10:09:08'),
(519, 'call', 'now', 'Patient lante has started the call.', 184, 161, 184, 240, 1, '2018-01-24 10:09:15'),
(520, 'new', 'now', 'Patient lante wants an Appointment Now With You', 169, 161, 169, 504, 0, '2018-01-24 10:10:25'),
(521, 'new', 'now', 'Patient lante wants an Appointment Now With You', 184, 161, 184, 505, 1, '2018-01-24 10:10:25'),
(522, 'new', 'now', 'Patient lante wants an Appointment Now With You', 182, 161, 182, 506, 0, '2018-01-24 10:10:25'),
(523, 'call', 'now', 'Doctor Emma has started the call.', 161, 161, 184, 241, 1, '2018-01-24 10:10:37'),
(524, 'call', 'now', 'Patient lante has started the call.', 184, 161, 184, 241, 1, '2018-01-24 10:10:52'),
(525, 'call', 'now', 'Patient Nico has started the call.', 177, 201, 177, 242, 1, '2018-01-25 09:53:33'),
(526, 'call', 'now', 'Patient Nico has started the call.', 177, 201, 177, 242, 1, '2018-01-25 09:53:45'),
(527, 'call', 'now', 'Doctor barry has started the call.', 201, 201, 177, 242, 1, '2018-01-25 09:53:52'),
(528, 'call', 'now', 'Patient Nico has started the call.', 177, 201, 177, 243, 1, '2018-01-25 11:55:56'),
(529, 'call', 'now', 'Doctor barry has started the call.', 201, 201, 177, 243, 1, '2018-01-25 11:56:05'),
(530, 'new', 'now', 'Patient lante wants an Appointment Now With You', 169, 161, 169, 514, 0, '2018-01-25 12:02:19'),
(531, 'new', 'now', 'Patient lante wants an Appointment Now With You', 184, 161, 184, 515, 1, '2018-01-25 12:02:19'),
(532, 'new', 'now', 'Patient lante wants an Appointment Now With You', 182, 161, 182, 516, 0, '2018-01-25 12:02:19'),
(533, 'call', 'now', 'Doctor Emma has started the call.', 161, 161, 184, 244, 1, '2018-01-25 12:02:41'),
(534, 'call', 'now', 'Patient lante has started the call.', 184, 161, 184, 244, 1, '2018-01-25 12:02:52'),
(535, 'call', 'now', 'Doctor Emma has started the call.', 161, 161, 184, 244, 1, '2018-01-25 12:02:58'),
(536, 'call', 'now', 'Doctor barry has started the call.', 201, 201, 177, 245, 1, '2018-01-25 12:12:09'),
(537, 'call', 'now', 'Doctor barry has started the call.', 201, 201, 177, 246, 1, '2018-01-25 13:56:01'),
(538, 'call', 'now', 'Patient Nico has started the call.', 177, 201, 177, 246, 1, '2018-01-25 13:56:09'),
(539, 'call', 'now', 'Doctor barry has started the call.', 201, 201, 177, 246, 1, '2018-01-25 13:56:41'),
(540, 'call', 'now', 'Patient Nico has started the call.', 177, 201, 177, 247, 1, '2018-01-25 13:57:49'),
(541, 'call', 'now', 'Doctor barry has started the call.', 201, 201, 177, 247, 1, '2018-01-25 13:57:52'),
(542, 'call', 'now', 'Doctor barry has started the call.', 201, 201, 177, 247, 1, '2018-01-25 14:00:53'),
(543, 'call', 'now', 'Patient Nico has started the call.', 177, 201, 177, 247, 1, '2018-01-25 14:01:17'),
(544, 'call', 'now', 'Doctor barry has started the call.', 201, 201, 177, 247, 1, '2018-01-25 14:01:44'),
(545, 'call', 'now', 'Doctor barry has started the call.', 201, 201, 177, 247, 1, '2018-01-25 14:02:09'),
(546, 'call', 'now', 'Doctor barry has started the call.', 201, 201, 177, 247, 1, '2018-01-25 14:02:49'),
(547, 'call', 'now', 'Doctor barry has started the call.', 201, 201, 177, 247, 1, '2018-01-25 14:04:23'),
(548, 'call', 'now', 'Doctor barry has started the call.', 201, 201, 177, 248, 1, '2018-01-25 14:05:09'),
(549, 'call', 'now', 'Patient Nico has started the call.', 177, 201, 177, 248, 0, '2018-01-25 14:05:10'),
(550, 'new', 'now', 'Patient lante wants an Appointment Now With You', 169, 161, 169, 526, 0, '2018-01-25 14:55:58'),
(551, 'new', 'now', 'Patient lante wants an Appointment Now With You', 182, 161, 182, 527, 0, '2018-01-25 14:55:59'),
(552, 'new', 'now', 'Patient lante wants an Appointment Now With You', 169, 161, 169, 528, 0, '2018-01-25 14:59:37'),
(553, 'new', 'now', 'Patient lante wants an Appointment Now With You', 184, 161, 184, 529, 1, '2018-01-25 14:59:37'),
(554, 'new', 'now', 'Patient lante wants an Appointment Now With You', 182, 161, 182, 530, 0, '2018-01-25 14:59:38'),
(555, 'call', 'now', 'Doctor Emma has started the call.', 161, 161, 184, 249, 1, '2018-01-25 15:00:43'),
(556, 'call', 'now', 'Patient lante has started the call.', 184, 161, 184, 249, 1, '2018-01-25 15:00:57'),
(557, 'call', 'now', 'Doctor Emma has started the call.', 161, 161, 184, 249, 1, '2018-01-25 15:01:51'),
(558, 'new', 'now', 'Patient lante wants an Appointment Now With You', 169, 161, 169, 531, 0, '2018-01-25 15:02:46'),
(559, 'new', 'now', 'Patient lante wants an Appointment Now With You', 184, 161, 184, 532, 1, '2018-01-25 15:02:47'),
(560, 'new', 'now', 'Patient lante wants an Appointment Now With You', 182, 161, 182, 533, 0, '2018-01-25 15:02:47'),
(561, 'call', 'now', 'Doctor Emma has started the call.', 161, 161, 184, 250, 1, '2018-01-25 15:03:05'),
(562, 'call', 'now', 'Patient lante has started the call.', 184, 161, 184, 250, 1, '2018-01-25 15:03:15'),
(563, 'call', 'now', 'Patient lante has started the call.', 184, 161, 184, 250, 1, '2018-01-25 15:03:51'),
(564, 'call', 'now', 'Doctor Emma has started the call.', 161, 161, 184, 250, 1, '2018-01-25 15:04:04'),
(565, 'new', 'now', 'Patient lante wants an Appointment Now With You', 169, 161, 169, 534, 0, '2018-01-25 15:05:14'),
(566, 'new', 'now', 'Patient lante wants an Appointment Now With You', 184, 161, 184, 535, 1, '2018-01-25 15:05:15'),
(567, 'new', 'now', 'Patient lante wants an Appointment Now With You', 182, 161, 182, 536, 0, '2018-01-25 15:05:15'),
(568, 'call', 'now', 'Doctor Emma has started the call.', 161, 161, 184, 251, 1, '2018-01-25 15:05:30'),
(569, 'call', 'now', 'Patient lante has started the call.', 184, 161, 184, 251, 1, '2018-01-25 15:05:48'),
(570, 'call', 'now', 'Doctor Emma has started the call.', 161, 161, 184, 251, 1, '2018-01-25 15:06:16'),
(571, 'call', 'now', 'Patient lante has started the call.', 184, 161, 184, 251, 1, '2018-01-25 15:06:28'),
(572, 'new', 'now', 'Patient lante wants an Appointment Now With You', 169, 161, 169, 537, 0, '2018-01-25 15:07:17'),
(573, 'new', 'now', 'Patient lante wants an Appointment Now With You', 184, 161, 184, 538, 1, '2018-01-25 15:07:17'),
(574, 'new', 'now', 'Patient lante wants an Appointment Now With You', 182, 161, 182, 539, 0, '2018-01-25 15:07:18'),
(575, 'call', 'now', 'Doctor Emma has started the call.', 161, 161, 184, 252, 1, '2018-01-25 15:07:45'),
(576, 'call', 'now', 'Doctor Emma has started the call.', 161, 161, 184, 252, 1, '2018-01-25 15:08:35'),
(577, 'new', 'now', 'Patient lante wants an Appointment Now With You', 169, 161, 169, 540, 0, '2018-01-25 15:10:26'),
(578, 'new', 'now', 'Patient lante wants an Appointment Now With You', 184, 161, 184, 541, 1, '2018-01-25 15:10:26'),
(579, 'new', 'now', 'Patient lante wants an Appointment Now With You', 182, 161, 182, 542, 0, '2018-01-25 15:10:26'),
(580, 'call', 'now', 'Doctor Emma has started the call.', 161, 161, 184, 253, 1, '2018-01-25 15:10:36'),
(581, 'call', 'now', 'Patient lante has started the call.', 184, 161, 184, 253, 1, '2018-01-25 15:10:48'),
(582, 'new', 'now', 'Patient lante wants an Appointment Now With You', 169, 161, 169, 543, 0, '2018-01-25 15:14:37'),
(583, 'new', 'now', 'Patient lante wants an Appointment Now With You', 184, 161, 184, 544, 1, '2018-01-25 15:14:38'),
(584, 'new', 'now', 'Patient lante wants an Appointment Now With You', 182, 161, 182, 545, 0, '2018-01-25 15:14:38'),
(585, 'call', 'now', 'Doctor Emma has started the call.', 161, 161, 184, 254, 1, '2018-01-25 15:14:57'),
(586, 'call', 'now', 'Patient lante has started the call.', 184, 161, 184, 254, 1, '2018-01-25 15:15:07'),
(587, 'new', 'now', 'Patient lante wants an Appointment Now With You', 169, 161, 169, 546, 0, '2018-01-25 15:19:48'),
(588, 'new', 'now', 'Patient lante wants an Appointment Now With You', 184, 161, 184, 547, 1, '2018-01-25 15:19:49'),
(589, 'new', 'now', 'Patient lante wants an Appointment Now With You', 182, 161, 182, 548, 0, '2018-01-25 15:19:49'),
(590, 'call', 'now', 'Doctor Emma has started the call.', 161, 161, 184, 255, 1, '2018-01-25 15:20:00'),
(591, 'call', 'now', 'Patient lante has started the call.', 184, 161, 184, 255, 1, '2018-01-25 15:20:08'),
(592, 'new', 'now', 'Patient lante wants an Appointment Now With You', 169, 161, 169, 549, 0, '2018-01-25 15:23:52'),
(593, 'new', 'now', 'Patient lante wants an Appointment Now With You', 184, 161, 184, 550, 1, '2018-01-25 15:23:53'),
(594, 'new', 'now', 'Patient lante wants an Appointment Now With You', 182, 161, 182, 551, 0, '2018-01-25 15:23:53'),
(595, 'new', 'now', 'Patient lante wants an Appointment Now With You', 169, 161, 169, 552, 0, '2018-01-25 15:27:01'),
(596, 'new', 'now', 'Patient lante wants an Appointment Now With You', 184, 161, 184, 553, 1, '2018-01-25 15:27:02'),
(597, 'new', 'now', 'Patient lante wants an Appointment Now With You', 182, 161, 182, 554, 0, '2018-01-25 15:27:02'),
(598, 'new', 'now', 'Patient lante wants an Appointment Now With You', 169, 161, 169, 555, 0, '2018-01-25 15:28:01'),
(599, 'new', 'now', 'Patient lante wants an Appointment Now With You', 184, 161, 184, 556, 1, '2018-01-25 15:28:01'),
(600, 'new', 'now', 'Patient lante wants an Appointment Now With You', 182, 161, 182, 557, 0, '2018-01-25 15:28:01'),
(601, 'call', 'now', 'Doctor Emma has started the call.', 161, 161, 184, 256, 1, '2018-01-25 15:28:49'),
(602, 'call', 'now', 'Patient lante has started the call.', 184, 161, 184, 256, 1, '2018-01-25 15:29:00'),
(603, 'call', 'now', 'Doctor Emma has started the call.', 161, 161, 184, 256, 1, '2018-01-25 15:29:39'),
(604, 'new', 'now', 'Patient lante wants an Appointment Now With You', 169, 161, 169, 558, 0, '2018-01-25 15:31:52'),
(605, 'new', 'now', 'Patient lante wants an Appointment Now With You', 184, 161, 184, 559, 1, '2018-01-25 15:31:53'),
(606, 'new', 'now', 'Patient lante wants an Appointment Now With You', 182, 161, 182, 560, 0, '2018-01-25 15:31:53'),
(607, 'call', 'now', 'Doctor Emma has started the call.', 161, 161, 184, 257, 1, '2018-01-25 15:32:08'),
(608, 'call', 'now', 'Patient lante has started the call.', 184, 161, 184, 257, 1, '2018-01-25 15:32:10'),
(609, 'call', 'now', 'Doctor Emma has started the call.', 161, 161, 184, 257, 1, '2018-01-25 15:32:35'),
(610, 'new', 'now', 'Patient lante wants an Appointment Now With You', 169, 161, 169, 561, 0, '2018-01-25 15:38:30'),
(611, 'new', 'now', 'Patient lante wants an Appointment Now With You', 184, 161, 184, 562, 1, '2018-01-25 15:38:31'),
(612, 'new', 'now', 'Patient lante wants an Appointment Now With You', 182, 161, 182, 563, 0, '2018-01-25 15:38:31'),
(613, 'call', 'now', 'Patient lante has started the call.', 169, 161, 169, 258, 0, '2018-01-25 15:39:37'),
(614, 'call', 'now', 'Patient lante has started the call.', 169, 161, 169, 258, 0, '2018-01-25 15:39:41'),
(615, 'call', 'now', 'Doctor Ishe has started the call.', 161, 161, 169, 258, 1, '2018-01-25 15:40:45'),
(616, 'new', 'now', 'Patient lante wants an Appointment Now With You', 169, 161, 169, 564, 0, '2018-01-25 19:27:57'),
(617, 'new', 'now', 'Patient lante wants an Appointment Now With You', 182, 161, 182, 565, 0, '2018-01-25 19:27:57'),
(618, 'new', 'now', 'Patient lante wants an Appointment Now With You', 169, 161, 169, 566, 0, '2018-01-25 19:35:20'),
(619, 'new', 'now', 'Patient lante wants an Appointment Now With You', 184, 161, 184, 567, 1, '2018-01-25 19:35:20'),
(620, 'new', 'now', 'Patient lante wants an Appointment Now With You', 182, 161, 182, 568, 0, '2018-01-25 19:35:20'),
(621, 'call', 'now', 'Doctor Emma has started the call.', 161, 161, 184, 260, 1, '2018-01-25 19:36:53'),
(622, 'call', 'now', 'Patient lante has started the call.', 184, 161, 184, 260, 1, '2018-01-25 19:37:17'),
(623, 'call', 'now', 'Patient Nico has started the call.', 177, 201, 177, 261, 0, '2018-02-01 10:00:26'),
(624, 'call', 'now', 'Doctor barry has started the call.', 201, 201, 177, 261, 0, '2018-02-01 10:00:42'),
(625, 'call', 'now', 'Patient Nico has started the call.', 177, 201, 177, 261, 0, '2018-02-01 10:00:48'),
(626, 'reminder-30-min', 'schedule', 'Your appointment with Dr barry P on <b>02-02-2018</b> at <b>02:00:00</b> will start in 30 minutes.', 161, 161, 177, 226, 0, '2018-02-02 13:34:47'),
(627, 'reminder-30-min', 'schedule', 'Your meeting with lante luthuli on <b>02-02-2018</b> at <b>02:00:00</b> will start in 30 minutes.', 177, 161, 177, 226, 0, '2018-02-02 13:34:47');

-- --------------------------------------------------------

--
-- Table structure for table `other_profile`
--

CREATE TABLE IF NOT EXISTS `other_profile` (
  `id` int(11) NOT NULL AUTO_INCREMENT,
  `name` varchar(50) DEFAULT NULL,
  `sname` varchar(50) DEFAULT NULL,
  `relationship` varchar(20) DEFAULT NULL,
  `dob` date DEFAULT NULL,
  `user_id` int(11) NOT NULL,
  PRIMARY KEY (`id`)
) ENGINE=InnoDB  DEFAULT CHARSET=latin1 AUTO_INCREMENT=50 ;

--
-- Dumping data for table `other_profile`
--

INSERT INTO `other_profile` (`id`, `name`, `sname`, `relationship`, `dob`, `user_id`) VALUES
(1, 'Moiz', NULL, 'brother', '1996-08-17', 30),
(3, 'morris', NULL, 'brother', '2016-01-18', 33),
(4, 'asd', NULL, 'dasd', '2016-01-01', 33),
(10, 'asd', NULL, 'asd', '2021-01-01', 63),
(11, 'moiz', NULL, 'bro', '2021-01-01', 67),
(12, 'asd asd', NULL, 'asd', '2021-01-01', 67),
(13, 'aadsd asd', NULL, 'asd asdasd', '2021-01-01', 67),
(14, 'asd asd sad', NULL, 'asdasd asdasd asdasd', '2005-04-16', 67),
(32, 'asdasdasd', NULL, 'asdasd', '2016-01-01', 92),
(34, 'ABC', NULL, 'Dsot', '2000-01-01', 153),
(35, 'CBA', NULL, 'Dosra Dost', '1997-01-01', 153),
(36, 'asd', NULL, 'dostt', '2016-01-01', 153),
(37, 'aaa', NULL, 'aaa', '2016-01-01', 153),
(45, 'Kamran', NULL, 'Brother', '1994-09-02', 159),
(46, 'Ahmed', 'Khan', 'Farher', '1979-04-16', 159),
(48, 'Shakeel', 'Rehmani', 'Brother', '1989-04-16', 69),
(49, 'Seed', 'Surname', 'Little one', '2011-01-01', 161);

-- --------------------------------------------------------

--
-- Table structure for table `our_clients`
--

CREATE TABLE IF NOT EXISTS `our_clients` (
  `id` int(11) NOT NULL AUTO_INCREMENT,
  `title` varchar(100) NOT NULL,
  `website` varchar(100) NOT NULL,
  `logo` varchar(200) NOT NULL,
  `company_size` varchar(50) DEFAULT NULL,
  `description` text,
  `email` varchar(50) DEFAULT NULL,
  `status` tinyint(1) NOT NULL DEFAULT '1',
  PRIMARY KEY (`id`)
) ENGINE=InnoDB  DEFAULT CHARSET=latin1 AUTO_INCREMENT=4 ;

--
-- Dumping data for table `our_clients`
--

INSERT INTO `our_clients` (`id`, `title`, `website`, `logo`, `company_size`, `description`, `email`, `status`) VALUES
(1, 'ABC Contractors', 'http://abc.com', 'pic-1519810595.jpg', '20', 'None', 'contracters@yahoo.com', 1),
(2, 'My Pizza Company', 'http://my-company.com', 'pic-1519811656.jpg', '', '', '', 1),
(3, 'Yahoo', 'http://yahoo.com', 'pic-1519814235.jpg', '10000', 'It is a long established fact that a reader will be distracted by the readable content of a page when looking at its layout. The point of using Lorem Ipsum is that it has a more-or-less normal distribution of letters, as opposed to using ''Content here, content here'', making it look like readable English. Many desktop publishing packages and web page editors now use Lorem Ipsum as their default model text, and a search for ''lorem ipsum'' will uncover many web sites still in their infancy. Various versions have evolved over the years, sometimes by accident, sometimes on purpose (injected humour and the like).', 'yahoo@yahoo.com', 1);

-- --------------------------------------------------------

--
-- Table structure for table `pages`
--

CREATE TABLE IF NOT EXISTS `pages` (
  `id` int(11) NOT NULL AUTO_INCREMENT,
  `type` varchar(20) DEFAULT NULL,
  `title` varchar(255) DEFAULT NULL,
  `content` text,
  `status` tinyint(4) NOT NULL DEFAULT '1',
  PRIMARY KEY (`id`)
) ENGINE=InnoDB  DEFAULT CHARSET=latin1 AUTO_INCREMENT=5 ;

--
-- Dumping data for table `pages`
--

INSERT INTO `pages` (`id`, `type`, `title`, `content`, `status`) VALUES
(2, 'terms', 'Terms & Conditions', '<p>But I must explain to you how all this mistaken idea of denouncing pleasure and praising pain was born and I will give you a complete account of the system, and expound the actual teachings of the great explorer of the truth, the master-builder of human happiness.</p>\r\n\r\n<p>No one rejects, dislikes, or avoids pleasure itself, because it is pleasure, but because those who do not know how to pursue pleasure rationally encounter consequences that are extremely painful. Nor again is there anyone who loves or pursues or desires to obtain pain of itself, because it is pain, but because occasionally circumstances occur in which toil and pain can procure him some great pleasure.</p>\r\n\r\n<p>To take a trivial example, which of us ever undertakes laborious physical exercise, except to obtain some advantage from it? But who has any right to find fault with a man who chooses to enjoy a pleasure that has no annoying consequences, or one who avoids a pain that produces no resultant pleasure? On the other hand, we denounce with righteous indignation and dislike men who are so beguiled and demoralized by the charms of pleasure of the moment, so blinded by desire, that they cannot foresee</p>\r\n', 1),
(3, 'fees', 'Fees', '<p>&nbsp;</p>\r\n\r\n<p>To see a Medical Doctor will cost you R200, for the first 15 minutes and charges are prorated thereafter.</p>\r\n\r\n<p>&nbsp;</p>\r\n', 1),
(4, 'footer', '', '<p>&nbsp;</p>\r\n\r\n<p>SeeADoctor is not meant for crisis or emergency situations. If you are experiencing a crisis or emergency, call 10111 or dial 112 from tour cell. You can also access the free, 24-hour Ambulance by dailing 10177. SeeADoctor also does not prescribe listed controlled substances including benzodiazepines and stimulants</p>\r\n\r\n<p>&nbsp;</p>\r\n', 1);

-- --------------------------------------------------------

--
-- Table structure for table `patient_info`
--

CREATE TABLE IF NOT EXISTS `patient_info` (
  `id` int(11) NOT NULL AUTO_INCREMENT,
  `user_id` int(11) NOT NULL,
  `history` text NOT NULL,
  `profession` varchar(50) NOT NULL,
  `diet` varchar(50) NOT NULL,
  `height` varchar(20) NOT NULL,
  `age` int(11) NOT NULL,
  `drink_alcohol` varchar(10) NOT NULL,
  `weight` int(11) NOT NULL,
  `gender` varchar(20) NOT NULL,
  `smoke` varchar(10) NOT NULL,
  `sport` varchar(50) NOT NULL,
  `other` varchar(255) NOT NULL,
  `medical_history_date_of_visit` timestamp NOT NULL DEFAULT CURRENT_TIMESTAMP ON UPDATE CURRENT_TIMESTAMP,
  `medical_history_healthcare_visit` varchar(255) NOT NULL,
  `my_allergies_resistant` text NOT NULL,
  `my_allergies_reaction` text NOT NULL,
  `medical_history_prescription` text NOT NULL,
  `medical_history_doctor_comment` text NOT NULL,
  `my_allergies_status` varchar(10) NOT NULL,
  `medical_history_practitioner_name` varchar(30) NOT NULL,
  `pre_existing_condition` varchar(100) NOT NULL,
  `personal_update_feeling` text NOT NULL,
  `personal_update_symptoms` text NOT NULL,
  `personal_update_medication_taken` varchar(10) NOT NULL,
  `personal_update_medicine` text NOT NULL,
  `personal_update_date` timestamp NOT NULL DEFAULT '0000-00-00 00:00:00',
  `family_history_condition` text NOT NULL,
  `family_history_status` varchar(10) NOT NULL,
  `family_history_relationship` varchar(30) NOT NULL,
  `my_doctor_name` varchar(30) NOT NULL,
  `my_doctor_surname` varchar(30) NOT NULL,
  `my_doctor_contact_number` int(11) NOT NULL,
  `my_doctor_email` varchar(100) NOT NULL,
  PRIMARY KEY (`id`)
) ENGINE=InnoDB DEFAULT CHARSET=latin1 AUTO_INCREMENT=1 ;

-- --------------------------------------------------------

--
-- Table structure for table `payments`
--

CREATE TABLE IF NOT EXISTS `payments` (
  `id` int(11) NOT NULL AUTO_INCREMENT,
  `appointment_id` int(11) NOT NULL,
  `actual_duration` time NOT NULL,
  `charged_duration` time NOT NULL,
  `rate` double(8,2) NOT NULL,
  `price` double(9,2) NOT NULL,
  `transaction_id` varchar(100) DEFAULT NULL,
  `created_at` timestamp NULL DEFAULT NULL,
  `status` tinyint(4) NOT NULL DEFAULT '0',
  PRIMARY KEY (`id`)
) ENGINE=InnoDB  DEFAULT CHARSET=latin1 AUTO_INCREMENT=136 ;

--
-- Dumping data for table `payments`
--

INSERT INTO `payments` (`id`, `appointment_id`, `actual_duration`, `charged_duration`, `rate`, `price`, `transaction_id`, `created_at`, `status`) VALUES
(22, 50, '09:24:51', '00:25:00', 9.93, 248.33, '8a82944957c3d4880157d71c18685d2d', '2016-10-18 04:25:25', 1),
(25, 54, '00:07:35', '00:15:00', 13.27, 199.00, NULL, NULL, 0),
(26, 58, '00:01:10', '00:15:00', 13.27, 199.00, '8a82944957f7183d0157f722f4ed59b2', '2016-10-24 12:40:45', 1),
(27, 64, '00:10:33', '00:15:00', 9.93, 149.00, '8a829449580a5445015824a9606d3dbc', '2016-11-02 08:50:29', 1),
(28, 65, '00:02:33', '00:15:00', 13.27, 199.00, NULL, NULL, 0),
(29, 66, '00:18:43', '00:19:00', 13.27, 252.07, NULL, NULL, 0),
(30, 71, '15:11:45', '00:15:00', 13.27, 199.00, NULL, NULL, 0),
(31, 72, '00:00:41', '00:15:00', 13.27, 199.00, NULL, NULL, 0),
(32, 74, '00:00:38', '00:15:00', 6.60, 99.00, NULL, NULL, 0),
(33, 79, '00:01:37', '00:15:00', 9.93, 149.00, '8a829449584e4ab8015853501e1a6fa2', '2016-11-11 10:15:09', 1),
(34, 82, '00:04:27', '00:15:00', 66.67, 1000.00, '8a82944a5868ac860158781707a10dd3', '2016-11-18 13:38:45', 1),
(35, 83, '00:04:42', '00:15:00', 66.67, 1000.00, '8a82944a5868ac860158781e009212c7', '2016-11-18 13:46:21', 1),
(36, 85, '00:25:20', '00:25:00', 6.60, 165.00, '8a82944958688a5e01588614890a1cab', '2016-11-21 06:50:42', 1),
(37, 90, '12:53:54', '00:54:00', 66.67, 3600.00, '8a82944a58d4c8fc0158de7f553f2712', '2016-12-08 10:53:56', 1),
(38, 96, '06:30:54', '00:31:00', 66.67, 2066.67, '8a82944958f8394a0158fc06de9c3016', '2016-12-14 04:30:58', 1),
(39, 97, '00:00:57', '00:15:00', 66.67, 1000.00, '8a82944958f8394a0158fc0f056f32dc', '2016-12-14 04:39:52', 1),
(40, 99, '00:00:54', '00:15:00', 6.60, 99.00, '8a82944a58f83eff015900eee2377b94', '2016-12-15 03:22:52', 1),
(41, 101, '00:05:57', '00:15:00', 66.67, 1000.00, '8a82944958f8394a0159010170261064', '2016-12-15 03:43:08', 1),
(42, 102, '00:03:04', '00:15:00', 66.67, 1000.00, '8a82944958f8394a015901061a391282', '2016-12-15 03:48:14', 1),
(43, 105, '00:14:36', '00:15:00', 66.67, 1000.00, '8a82944a58f83eff0159015d83aa2313', '2016-12-15 05:23:42', 1),
(44, 108, '00:01:11', '00:15:00', 66.67, 1000.00, '8a82944958f8394a015901ce2c727578', '2016-12-15 07:26:46', 1),
(45, 109, '00:09:09', '00:15:00', 66.67, 1000.00, '8a82944a58f83eff015901d1b8866226', '2016-12-15 07:30:38', 1),
(46, 110, '00:00:27', '00:15:00', 66.67, 1000.00, '8a82944a58f83eff015901d39ecf6338', '2016-12-15 07:32:43', 1),
(47, 111, '00:04:12', '00:15:00', 66.67, 1000.00, '8a82944958f8394a015901de6ee5019e', '2016-12-15 07:44:31', 1),
(48, 112, '00:00:58', '00:15:00', 66.67, 1000.00, '8a82944a58f83eff015901ed358542d1', '2016-12-15 08:00:40', 1),
(49, 114, '00:13:27', '00:15:00', 66.67, 1000.00, '8a82944958f8394a015901fa47d7602a', '2016-12-15 08:14:56', 1),
(50, 115, '00:00:51', '00:15:00', 66.67, 1000.00, '8a82944a58f83eff015901fbfeb64c7e', '2016-12-15 08:16:49', 1),
(51, 116, '00:00:47', '00:15:00', 66.67, 1000.00, '8a82944a58f83eff01590203ddde50de', '2016-12-15 08:25:24', 1),
(52, 117, '00:02:22', '00:15:00', 66.67, 1000.00, '8a82944958f8394a01590207d9056827', '2016-12-15 08:29:45', 1),
(53, 119, '00:00:00', '00:15:00', 66.67, 1000.00, '8a829449590371e3015906785f0c56ff', '2016-12-16 05:11:09', 1),
(54, 121, '00:09:52', '00:15:00', 6.60, 99.00, '8a82944a59038af10159077fde2c29ea', '2016-12-16 09:58:57', 1),
(55, 122, '00:03:05', '00:15:00', 6.60, 99.00, '8a82944a59038af101590788ad2d314e', '2016-12-16 10:08:34', 1),
(56, 123, '00:06:24', '00:15:00', 6.60, 99.00, '8a829449590371e3015907907fc22505', '2016-12-16 10:17:07', 1),
(57, 124, '00:03:28', '00:15:00', 6.60, 99.00, '8a829449590371e301590794ab6926ea', '2016-12-16 10:21:40', 1),
(58, 125, '00:01:46', '00:15:00', 6.60, 99.00, '8a82944a59038af101590796e6193acb', '2016-12-16 10:24:06', 1),
(59, 127, '00:01:51', '00:15:00', 6.60, 99.00, '8a829449590371e3015907b1ca263406', '2016-12-16 10:53:29', 1),
(60, 129, '00:07:50', '00:15:00', 6.60, 99.00, '8a829449590371e3015907bc1bcc38c4', '2016-12-16 11:04:45', 1),
(61, 130, '00:05:40', '00:15:00', 6.60, 99.00, '8a82944a59038af1015907c8f76d5044', '2016-12-16 11:18:48', 1),
(62, 131, '00:09:34', '00:15:00', 6.60, 99.00, '8a829449590371e3015907cc88313dd9', '2016-12-16 11:22:41', 1),
(63, 133, '00:02:31', '00:15:00', 6.60, 99.00, '8a829449590371e3015907f6b6865451', '2016-12-16 12:08:46', 1),
(64, 135, '00:00:15', '00:15:00', 66.67, 1000.00, '8a82944a59038af10159250feb2d0b4a', '2016-12-22 03:45:17', 1),
(65, 136, '00:01:34', '00:15:00', 66.67, 1000.00, '8a8294495926b30a01592b1e30730e92', '2016-12-23 07:58:36', 1),
(66, 137, '00:01:08', '00:15:00', 6.60, 99.00, '8a82944a5926f2a801592c226cb25871', '2016-12-23 12:42:50', 1),
(67, 138, '00:00:21', '00:15:00', 6.60, 99.00, '8a82944a5926f2a801592c2419615916', '2016-12-23 12:44:40', 1),
(68, 139, '00:05:06', '00:15:00', 66.67, 1000.00, '8a8294495926b30a01593ebbc6b66c52', '2016-12-27 03:23:30', 1),
(69, 140, '00:29:26', '00:29:00', 66.67, 1933.33, '8a82944a5926f2a801593ed2097a773e', '2016-12-27 03:47:49', 1),
(70, 141, '00:00:06', '00:15:00', 66.67, 1000.00, '8a82944a5926f2a801593f3840057efc', '2016-12-27 05:39:28', 1),
(71, 142, '00:00:54', '00:15:00', 66.67, 1000.00, '8a82944a5926f2a801593f3e83a30363', '2016-12-27 05:46:18', 1),
(72, 143, '00:00:14', '00:15:00', 66.67, 1000.00, '8a82944a5926f2a801593fdc3ba910e4', '2016-12-27 08:38:34', 1),
(73, 144, '00:00:06', '00:15:00', 66.67, 1000.00, '8a82944a5926f2a801593fe3906630c7', '2016-12-27 08:46:35', 1),
(74, 145, '00:00:06', '00:15:00', 66.67, 1000.00, '8a8294495926b30a01593fe81f264404', '2016-12-27 08:51:34', 1),
(75, 146, '00:00:05', '00:15:00', 66.67, 1000.00, '8a82944a5926f2a801593ff11b3c624a', '2016-12-27 09:01:22', 1),
(76, 147, '00:00:06', '00:15:00', 66.67, 1000.00, '8a8294495926b30a01593ff3ddbe6fee', '2016-12-27 09:04:23', 1),
(77, 148, '00:00:15', '00:15:00', 66.67, 1000.00, '8a82944a5926f2a801593ff4edc47069', '2016-12-27 09:05:33', 1),
(78, 149, '00:00:14', '00:15:00', 66.67, 1000.00, '8a82944a5926f2a801593ff6caa2794b', '2016-12-27 09:07:35', 1),
(79, 150, '00:00:10', '00:15:00', 66.67, 1000.00, '8a82944a5926f2a801593ff9894c04ad', '2016-12-27 09:10:35', 1),
(80, 151, '00:00:24', '00:15:00', 66.67, 1000.00, '8a8294495926b30a0159407c04c473b3', '2016-12-27 11:33:06', 1),
(81, 152, '00:00:08', '00:15:00', 66.67, 1000.00, '8a8294495926b30a0159408c4b850582', '2016-12-27 11:50:53', 1),
(82, 157, '00:00:02', '00:15:00', 6.60, 99.00, '8a82944a5945437901596457b24664c6', '2017-01-03 10:39:46', 1),
(83, 158, '14:52:54', '00:53:00', 6.60, 349.80, NULL, '2017-01-03 12:52:56', 1),
(84, 159, '15:06:31', '00:15:00', 6.60, 99.00, '8a82944a59649ef9015964de15e56aed', '2017-01-03 13:06:33', 1),
(85, 165, '16:56:08', '00:56:00', 6.60, 369.60, NULL, '2017-01-03 14:56:10', 1),
(86, 166, '17:15:32', '00:16:00', 6.60, 105.60, NULL, '2017-01-03 15:15:34', 1),
(87, 167, '00:10:52', '00:15:00', 6.60, 99.00, '8a82944a596f6864015972a8589404a2', '2017-01-06 05:22:32', 1),
(88, 168, '00:04:24', '00:15:00', 6.60, 99.00, '8a82944a596f6864015972bd8f1d0f00', '2017-01-06 05:45:42', 1),
(89, 170, '14:05:32', '00:15:00', 66.67, 1000.00, '8a82944a596f68640159741958006601', '2017-01-06 12:05:35', 1),
(90, 171, '00:06:44', '00:15:00', 66.67, 1000.00, '8a82944a596f6864015977da95166b95', '2017-01-07 05:35:30', 1),
(91, 172, '00:01:11', '00:15:00', 66.67, 1000.00, '8a829449596f6638015978c1b5816498', '2017-01-07 09:47:58', 1),
(92, 175, '10:14:19', '00:15:00', 6.60, 99.00, '8a8294495a12f677015a1811295b1fbc', '2017-02-07 08:14:22', 1),
(93, 179, '12:40:02', '00:40:00', 6.60, 264.00, '8a8294495a18272f015a18969dfb61b8', '2017-02-07 10:40:08', 1),
(94, 180, '06:37:10', '00:37:00', 6.60, 244.20, NULL, '2017-02-08 04:37:12', 1),
(95, 182, '07:12:24', '00:15:00', 6.60, 99.00, '8a82944a5a184b46015a1c90f61e4d00', '2017-02-08 05:12:26', 1),
(96, 183, '07:29:02', '00:29:00', 6.60, 191.40, NULL, '2017-02-08 05:29:04', 1),
(97, 184, '07:51:24', '00:51:00', 6.60, 336.60, NULL, '2017-02-08 05:51:26', 1),
(98, 188, '11:12:02', '00:15:00', 6.60, 99.00, '8a82944a5a184b46015a1d6c5cf9096a', '2017-02-08 09:12:05', 1),
(99, 191, '13:08:03', '00:15:00', 6.60, 99.00, '8a82944a5a184b46015a1dd6956e6598', '2017-02-08 11:08:06', 1),
(100, 195, '14:55:26', '00:55:00', 66.67, 3666.67, '8a82944a5a184b46015a1e38e6ef039f', '2017-02-08 12:55:30', 1),
(101, 196, '07:26:59', '00:27:00', 66.67, 1800.00, '8a82944a5a184b46015a21c4b04f17e7', '2017-02-09 05:27:02', 1),
(102, 197, '07:36:18', '00:36:00', 66.67, 2400.00, '8a8294495a18272f015a21cd363f4461', '2017-02-09 05:36:21', 1),
(103, 198, '08:21:46', '00:22:00', 66.67, 1466.67, '8a8294495a18272f015a21f6dafd02e0', '2017-02-09 06:21:50', 1),
(104, 199, '08:46:57', '00:47:00', 66.67, 3133.33, '8a8294495a18272f015a220de6e720ff', '2017-02-09 06:47:00', 1),
(105, 200, '08:54:31', '00:55:00', 6.60, 363.00, '8a82944a5a184b46015a2214d2950e68', '2017-02-09 06:54:34', 1),
(106, 201, '09:33:12', '00:33:00', 66.67, 2200.00, '8a8294495a18272f015a22383c896efa', '2017-02-09 07:33:15', 1),
(107, 202, '10:16:01', '00:16:00', 6.60, 105.60, NULL, '2017-02-09 08:16:03', 1),
(108, 203, '06:44:54', '00:45:00', 66.67, 3000.00, '8a8294495a279981015a31114706178c', '2017-02-12 04:45:00', 1),
(109, 205, '06:46:31', '00:47:00', 6.60, 310.20, NULL, '2017-02-13 04:46:38', 1),
(110, 211, '17:17:27', '00:17:00', 6.60, 112.20, NULL, '2017-11-27 15:17:28', 1),
(111, 225, '09:50:05', '00:50:00', 66.67, 3333.33, '8a82944960ffee2c01610dd34cd12398', '2018-01-19 07:50:07', 1),
(112, 227, '10:04:03', '00:15:00', 66.67, 1000.00, '8a82944960ffee2c01610de011b062aa', '2018-01-19 08:04:03', 1),
(113, 228, '10:27:33', '00:28:00', 66.67, 1866.67, '8a82944960ffee2c01610df598526843', '2018-01-19 08:27:34', 1),
(114, 232, '13:41:49', '00:42:00', 66.67, 2800.00, '8a82944960ffee2c01610ea77528381f', '2018-01-19 11:41:51', 1),
(115, 231, '13:42:17', '00:42:00', 66.67, 2800.00, '8a82944a61007c9d01610ea7e1702a80', '2018-01-19 11:42:18', 1),
(116, 235, '10:25:35', '00:26:00', 66.67, 1733.33, '8a82944a611eb9540161228d3f75286a', '2018-01-23 08:25:37', 1),
(117, 236, '10:27:02', '00:27:00', 66.67, 1800.00, '8a829449611e96130161228e8f48753c', '2018-01-23 08:27:03', 1),
(118, 237, '10:36:05', '00:36:00', 66.67, 2400.00, '8a829449611e961301612296d6eb286d', '2018-01-23 08:36:06', 1),
(119, 240, '08:09:38', '00:15:00', 6.60, 99.00, '8a829449611e961301612737241852ee', '2018-01-24 06:09:40', 1),
(120, 241, '08:11:53', '00:15:00', 6.60, 99.00, '8a829449611e961301612739332d5531', '2018-01-24 06:11:55', 1),
(121, 243, '09:57:08', '00:57:00', 66.67, 3800.00, '8a829449611e961301612cbfe8f74ec2', '2018-01-25 07:57:10', 1),
(122, 244, '10:03:48', '00:15:00', 6.60, 99.00, '8a82944a611eb95401612cc602791a56', '2018-01-25 08:03:49', 1),
(123, 245, '10:12:13', '00:15:00', 66.67, 1000.00, '8a82944a611eb95401612ccdb6193108', '2018-01-25 08:12:14', 1),
(124, 246, '11:56:58', '00:57:00', 66.67, 3800.00, '8a82944a611eb95401612d2d9ca25fa9', '2018-01-25 09:56:59', 1),
(125, 247, '00:01:48', '00:15:00', 66.67, 1000.00, '8a829449611e961301612d34e1392f80', '2018-01-25 10:04:55', 1),
(126, 248, '00:00:47', '00:15:00', 66.67, 1000.00, '8a829449611e961301612d35e6f43082', '2018-01-25 10:06:02', 1),
(127, 249, '13:01:58', '00:15:00', 6.60, 99.00, '8a829449611e961301612d691f0416ec', '2018-01-25 11:01:59', 1),
(128, 250, '13:04:21', '00:15:00', 6.60, 99.00, '8a82944a611eb95401612d6b4c3b54dd', '2018-01-25 11:04:22', 1),
(129, 251, '13:06:32', '00:15:00', 6.60, 99.00, '8a82944a611eb95401612d6d4d095a24', '2018-01-25 11:06:33', 1),
(130, 252, '13:08:38', '00:15:00', 6.60, 99.00, '8a82944a611eb95401612d6f3a995d14', '2018-01-25 11:08:39', 1),
(131, 253, '13:11:34', '00:15:00', 6.60, 99.00, '8a829449611e961301612d71ea4523bc', '2018-01-25 11:11:35', 1),
(132, 254, '00:01:18', '00:15:00', 6.60, 99.00, '8a829449611e961301612d765f472c01', '2018-01-25 11:16:27', 1),
(133, 255, '00:02:55', '00:15:00', 6.60, 99.00, '8a829449611e961301612d7c99b63e5a', '2018-01-25 11:23:16', 1),
(134, 256, '13:30:48', '00:31:00', 6.60, 204.60, NULL, '2018-01-25 11:30:49', 1),
(135, 261, '00:06:08', '00:15:00', 66.67, 1000.00, '8a82944961470810016150678cef3ea4', '2018-02-01 06:06:59', 1);

-- --------------------------------------------------------

--
-- Table structure for table `personal_update`
--

CREATE TABLE IF NOT EXISTS `personal_update` (
  `id` int(11) NOT NULL AUTO_INCREMENT,
  `user_id` int(11) NOT NULL,
  `feeling` varchar(512) DEFAULT NULL,
  `symptom` varchar(512) DEFAULT NULL,
  `med_taken` varchar(10) DEFAULT NULL,
  `describe_med` varchar(512) DEFAULT NULL,
  `date` date DEFAULT NULL,
  PRIMARY KEY (`id`)
) ENGINE=InnoDB  DEFAULT CHARSET=latin1 AUTO_INCREMENT=22 ;

--
-- Dumping data for table `personal_update`
--

INSERT INTO `personal_update` (`id`, `user_id`, `feeling`, `symptom`, `med_taken`, `describe_med`, `date`) VALUES
(10, 69, 'asd', 'asd', 'no', 'asda', '2016-01-01'),
(11, 93, 'asdasd', 'asdasd', 'yes', 'asdasd', '2016-01-01'),
(12, 159, 'Sore throat', 'difficulty in swallowing', 'yes', 'Azomax, Rigix', '2016-03-04'),
(13, 161, 'Feeling', 'Symptom', 'Medication', 'Describe Medicine', '2016-12-08'),
(14, 161, 'feeling2', 'symptom 2', 'Medication', 'describe Medicine2', '2016-12-07'),
(16, 161, 'w', 'wd', 'wd', 'de', '2016-12-07'),
(17, 183, 'gOOD', 'nothing', 'yes', 'B12', '2016-12-20'),
(18, 178, 'test', 'test', 'sa', 'sadadasdasd', '2017-01-17'),
(19, 188, '123156465465', '45', '56456464', '54', '2017-02-06'),
(20, 187, '1ca321s23vd', '13VSVS12DSFV32', '123D32123D', '1321DS131SDV23', '2017-02-13'),
(21, 201, 'not good', 'swetting', 'not', 'pain killer', '2018-02-01');

-- --------------------------------------------------------

--
-- Table structure for table `prescription`
--

CREATE TABLE IF NOT EXISTS `prescription` (
  `id` int(11) NOT NULL AUTO_INCREMENT,
  `appointment_id` int(11) NOT NULL,
  `pres_detail` text,
  `comments` text,
  PRIMARY KEY (`id`)
) ENGINE=InnoDB  DEFAULT CHARSET=latin1 AUTO_INCREMENT=61 ;

--
-- Dumping data for table `prescription`
--

INSERT INTO `prescription` (`id`, `appointment_id`, `pres_detail`, `comments`) VALUES
(1, 45, 'Extra Space Self Storage LLC\r\nWarehouse 6, Street 18\r\nPlot 364- 216 Al Quoz 1\r\nDubai UAE\r\nPO Box 53652\r\nTelephone: + 971 4 3306788', NULL),
(2, 50, 'You must not eat :\r\n1. Meat\r\n2. Eggs\r\n3. Breads\r\n\r\nYou have a sore throat as well, so i recommend using warm water.', NULL),
(3, 51, 'Disprin\r\nPanadol', NULL),
(4, 58, '<p>Panadol</p>\r\n\r\n<p>Dispirin</p>\r\n\r\n<p>Azomax</p>\r\n\r\n<p>Rigix</p>\r\n', NULL),
(5, 79, '<p>No medicines for you.</p>\r\n', 'You are fine just relax.'),
(6, 83, '<p>No Medicine</p>\r\n', 'No comments'),
(7, 97, '<p>We had a call and I know you had a headache.</p>\r\n\r\n<p>&nbsp;</p>\r\n\r\n<p>You can take paracetamol.</p>\r\n', 'We had a call.'),
(8, 121, '<p>sdfg dfgdfg</p>\r\n', 'fbgv dfsg'),
(9, 133, '<p>sdf</p>\r\n', 'adf'),
(10, 137, '<p>fdewfewiuf</p>\r\n', 'dgfeiuq'),
(11, 138, '<p>trial</p>\r\n', 'trail1'),
(12, 139, '<p>asdfsd</p>\r\n', 'ads'),
(13, 141, '<p>This is test prescription</p>\r\n', 'This is test comment of prescription'),
(14, 142, '<p>Test&nbsp; precription</p>\r\n', 'Test comment of precription'),
(15, 143, '<p>This is test Prescription</p>\r\n', 'This is test comment'),
(16, 144, '<p>This is test comment prescripn</p>\r\n', 'This is test comment'),
(17, 145, '<p>test tes t test est</p>\r\n', 'Test comment'),
(18, 146, '<p>test tes&nbsp; test set t</p>\r\n', 'test comment'),
(19, 148, '<p>Test precription</p>\r\n', 'test comment'),
(20, 149, '<p>test pre</p>\r\n', 'test'),
(21, 150, '<p>This is test presription</p>\r\n', 'This is test comment'),
(22, 151, '<p>abc <strong>test</strong></p>\r\n\r\n<p>&nbsp;</p>\r\n\r\n<ul>\r\n	<li><strong>abca</strong></li>\r\n	<li><strong>wer</strong> <strong> </strong></li>\r\n	<li><strong>wertdsd</strong></li>\r\n</ul>\r\n', 'abc'),
(23, 158, '<p>Prescriptions ...</p>\r\n', 'Commenting'),
(24, 165, '<p>Prescription, here we go!</p>\r\n', 'Comments for who?'),
(25, 166, '<p>Ok Prescription ?</p>\r\n', 'Where are these comments going?'),
(26, 167, '<p>You have a Gastrick problem. Avoid oily food.</p>\r\n', 'You have a Acidity.'),
(27, 175, '<p>njklkjlnjknklbnjlbjbjhkb</p>\r\n', 'shjghjkgkhjvbklvb'),
(28, 179, '<p>gsdfhdfjgkhfkkjf</p>\r\n', 'afsdghjkl'),
(29, 180, '<p>&nbsp;fghjkl</p>\r\n', 'cfvgbhj'),
(30, 182, '<p>yswutyiolhjgljklk</p>\r\n', 'sfdghjklk'),
(31, 183, '<p>bunijkbhnhujimokl,.bhunjimk,oklbynmijk</p>\r\n', 'cvygbhuhunjikokl'),
(32, 184, '<ul>\r\n	<li>ds&#39;</li>\r\n	<li>dsla&#39;</li>\r\n	<li>&nbsp;</li>\r\n	<li>asd</li>\r\n	<li>DS;</li>\r\n	<li>A&#39;;</li>\r\n	<li>dcksdljvfsdbjhbfklvjkfhdkvjhdfkjhvlkjfdhkjvhfjdkhkfjdlhjkfdjkfdfdv&uml;</li>\r\n</ul>\r\n', 'ASDJKASJHDLjkaHJlksdhjkLDhljkkkkkkkkkkkkkkkkkkkkkkkkkkkkkkkkkkkkkkkkkkkkkkkkkkkkkkkkkkkkjjjjjjjjjjjjjjjjjjjjjjjjjjjjjjjjjjjjjjjjjjjjjjjjjjjjjjjjjjjjjjjjjjjjjjjjjjjjjjjjjjjjjjjjjjjjjjjjjjjjjjjjjjjjjjjjjjjjjjjjjjjjjjjjjjjjjjjjjjjjjcbasjcbmnnxmnxvnxbxbmnxb,bcZ<Mbxnzcmnbxb,xzcnnnnnnnnnnnnnnnnnnnnnnnnnnnnnnnnnnnnnnnnnnnnnmmmmmmmmmmmmmmmmmmmasasasasasasasasasasasasasasasasasasasasasasasasasasasasasasasasasasasasasasasasasasasasasasasasasasasasasasasasasasasasasasasjkkkkkkkkkkkkkkkkkkkkkkkkkkkkkkkkkbhhhhhhhhhhhhhhhhhhhhhhhhhhhhhhhhhhhhhhhnnnnnnnnnnnnnnnnnnnnnnnnnnmmmnmmnmnnmnmmnb,zxnC,cxzmn,xz,mxzcbbbbbbbbbbbbbbbbbbbbbbbbbbbbbbbbbbbbbbbbbbbbbbbbbbbbbbbbbbbbbbbbbbbbbbbbbbbbbbbbbbbbbbbbbbczx<MNbcxz,nmxcZN<mxczb,cxzb,nmmmmmmmmmmmmmmmmmmmmmmmmmmmmmmmmmmmmmmmmmmmmmmmmmm'),
(33, 188, '<p>crtyvgbhuvijnkolm;,</p>\r\n', 'cfygvtbhujinklm;'),
(34, 191, '<p>sfjgjgsjkkjgs</p>\r\n', 'safdghjjdg'),
(35, 195, '<p>jbdklsbvljkdbjnkjdfsbklvbkjfbv,mdfnm,vmvfdnkfdjkbvdlf</p>\r\n', 'jdsajbkdsajkbdsakasdkfbdjksasdjk'),
(36, 196, '<p>bjkbjlkbnbmn,bjbjhjhvklhjbhjkhbvhjkgbhjjhvjhvkhvghjhvhjhgjhjg</p>\r\n', 'vjkvhjkjhvkjhvhv'),
(37, 197, '<p>sdfdsfd</p>\r\n', 'asfdsdf'),
(38, 198, '<p>nnbnbcnbnb</p>\r\n', 'xcvvcvb'),
(39, 199, '<p>gkhjkjgjhkkj</p>\r\n', 'hjkgjhkj'),
(40, 200, '<p>dvsfsfvdvfsfd</p>\r\n', 'vbubfdvsdjbjkvfdbjklbfdv'),
(41, 201, '<p>hoihjik</p>\r\n', 'bvjkhjhv'),
(42, 202, '<p>bjklhkjbhjklk;kl;knklnjkkhb</p>\r\n', 'kl;k'';lkl;kl\r\n'),
(43, 203, '<p>gohjkihgdtfyuogpihojpk</p>\r\n', 'jjkjbkbjk'),
(44, 205, '<p><a href="https://en.wikipedia.org/wiki/Marvel_Science_Stories">Marvel Science Stories</a>&nbsp;was a U.S.&nbsp;<a href="https://en.wikipedia.org/wiki/Pulp_magazine">pulp magazine</a>&nbsp;with fifteen issues in two separate runs, both edited by Robert O. Erisman and published by Abraham and&nbsp;<a href="https://en.wikipedia.org/wiki/Martin_Goodman_(publisher)">Martin Goodman</a>. The first issue, dated August 1938, carried stories with more sexual content than was usual for the genre, including several stories by&nbsp;<a href="https://en.wikipedia.org/wiki/Henry_Kuttner">Henry Kuttner</a>. Reader reaction was generally negative; one referred to Kuttner&#39;s story &quot;The Time Trap&quot; as &quot;trash&quot;. The magazine was cancelled after the April 1941 issue, but when a boom in science fiction magazines began in 1950, the publishers revived it. The first issue of the new series was dated November 1950; a further six issues appeared, with the last dated May 1952. Contributors to the first run included&nbsp;<a href="https://en.wikipedia.org/wiki/Arthur_J._Burks">Arthur J. Burks</a>&nbsp;and&nbsp;<a href="https://en.wikipedia.org/wiki/Jack_Williamson">Jack Williamson</a>; the second run published stories by better-known writers, including&nbsp;<a href="https://en.wikipedia.org/wiki/Arthur_C._Clarke">Arthur C. Clarke</a>,&nbsp;<a href="https://en.wikipedia.org/wiki/Isaac_Asimov">Isaac Asimov</a>,&nbsp;<a href="https://en.wikipedia.org/wiki/Jack_Vance">Jack Vance</a>&nbsp;and&nbsp;<a href="https://en.wikipedia.org/wiki/L._Sprague_de_Camp">L. Sprague de Camp</a>. The second incarnation of the magazine did not succeed in the more competitive market of the 1950s; even the writers who sold to&nbsp;Marvel Tales&nbsp;were publishing their best work elsewher</p>\r\n', 'Marvel Science Stories was a U.S. pulp magazine with fifteen issues in two separate runs, both edited by Robert O. Erisman and published by Abraham and Martin Goodman. The first issue, dated August 1938, carried stories with more sexual content than was usual for the genre, including several stories by Henry Kuttner. Reader reaction was generally negative; one referred to Kuttner''s story "The Time Trap" as "trash". The magazine was cancelled after the April 1941 issue, but when a boom in science fiction magazines began in 1950, the publishers revived it. The first issue of the new series was dated November 1950; a further six issues appeared, with the last dated May 1952. Contributors to the first run included Arthur J. Burks and Jack Williamson; the second run published stories by better-known writers, including Arthur C. Clarke, Isaac Asimov, Jack Vance and L. Sprague de Camp. The second incarnation of the magazine did not succeed in the more competitive market of the 1950s; even the writers who sold to Marvel Tales were publishing their best work elsewher'),
(45, 211, '<p>Will try Apple</p>\r\n', 'This Patient is a problem ...'),
(46, 225, '<p>A wonderful serenity has taken possession of my entire soul, like these sweet mornings of spring which I enjoy with my whole heart. I am alone, and feel the charm of existence in this spot, which was created for the bliss of souls like mine. I am so happy, my dear friend, so absorbed in the exquisite sense of mere tranquil existence, that I neglect my talents. I should be incapable of drawing a single stroke at the present moment; and yet I feel that I never was a greater artist than now.</p>\r\n', 'A wonderful serenity has taken possession of my entire soul, like these sweet mornings of spring which I enjoy with my whole heart. I am alone, and feel the charm of existence in this spot, which was created for the bliss of souls like mine. I am so happy, my dear friend, so absorbed in the exquisite sense of mere tranquil existence, that I neglect my talents. I should be incapable of drawing a single stroke at the present moment; and yet I feel that I never was a greater artist than now.'),
(47, 227, '<p>A wonderful serenity has taken possession of my entire soul, like these sweet mornings of spring which I enjoy with my whole heart. I am alone, and feel the charm of existence in this spot, which was created for the bliss of souls like mine. I am so happy, my dear friend, so absorbed in the exquisite sense of mere tranquil existence, that I neglect my talents. I should be incapable of drawing a single stroke at the present moment; and yet I feel that I never was a greater artist than now. When, while the lovely valley teems with vapour around me, and the meridian sun strikes the upper surface of the impenetrable foliage of my trees, and but a few stray gleams steal into the inner sanctuary, I throw myself down among the tall grass by the trickling stream; and, as I lie close to the earth, a thousand unknown plants are noticed by me: when I hear the buzz of the little world among the stalks, and grow familiar with the countless indescribable forms of the insects and flies, then I feel the presence of the Almighty, who formed us in his own image, and the breath</p>\r\n', 'A wonderful serenity has taken possession of my entire soul, like these sweet mornings of spring which I enjoy with my whole heart. I am alone, and feel the charm of existence in this spot, which was created for the bliss of souls like mine. I am so happy, my dear friend, so absorbed in the exquisite sense of mere tranquil existence, that I neglect my talents. I should be incapable of drawing a single stroke at the present moment; and yet I feel that I never was a greater artist than now. When, while the lovely valley teems with vapour around me, and the meridian sun strikes the upper surface of the impenetrable foliage of my trees, and but a few stray gleams steal into the inner sanctuary, I throw myself down among the tall grass by the trickling stream; and, as I lie close to the earth, a thousand unknown plants are noticed by me: when I hear the buzz of the little world among the stalks, and grow familiar with the countless indescribable forms of the insects and flies, then I feel the presence of the Almighty, who formed us in his own image, and the breath'),
(48, 235, '<p>3ed</p>\r\n', 'e3s'),
(49, 236, '<p>3ws</p>\r\n', '3eds'),
(50, 237, '<p>esw3</p>\r\n', 'des'),
(51, 240, '<p>de</p>\r\n', 'd'),
(52, 241, '<p>dc</p>\r\n', 'wcd'),
(53, 244, '<p>testing&nbsp;</p>\r\n', 'testing'),
(54, 249, '<p>cd</p>\r\n', 'cd'),
(55, 250, '<p>cw</p>\r\n', 'cdw'),
(56, 251, '<p>cw</p>\r\n', 'cwd'),
(57, 252, '<p>qx</p>\r\n', 'wx'),
(58, 253, '<p>cq</p>\r\n', 'wdc'),
(59, 255, '<p>wcw</p>\r\n', 'cqc'),
(60, 256, '<p>Hjk</p>\r\n', 'Gh');

-- --------------------------------------------------------

--
-- Table structure for table `pre_existing_condition`
--

CREATE TABLE IF NOT EXISTS `pre_existing_condition` (
  `id` int(11) NOT NULL AUTO_INCREMENT,
  `user_id` int(11) NOT NULL,
  `feeling` varchar(50) DEFAULT NULL,
  PRIMARY KEY (`id`)
) ENGINE=InnoDB  DEFAULT CHARSET=latin1 AUTO_INCREMENT=46 ;

--
-- Dumping data for table `pre_existing_condition`
--

INSERT INTO `pre_existing_condition` (`id`, `user_id`, `feeling`) VALUES
(9, 69, 'popopop'),
(10, 69, 'saab'),
(11, 69, 'opel'),
(12, 93, 'saab'),
(13, 93, 'opel'),
(14, 69, 'ad'),
(15, 69, 'asdad'),
(16, 159, 'Hypertension'),
(17, 159, 'Migraine'),
(18, 159, 'Anxiety'),
(19, 161, 'Cancer'),
(20, 161, 'Diabetes'),
(21, 161, 'Asthma / COPD'),
(22, 161, 'Depression'),
(23, 161, 'Other'),
(24, 161, 'High cholesterol'),
(25, 183, 'Cancer'),
(26, 183, 'Diabetes'),
(27, 183, 'Asthma / COPD'),
(28, 183, 'Depression'),
(29, 183, 'Arthritis'),
(30, 183, 'Abnormal Thyroid'),
(31, 188, 'Cancer'),
(32, 188, 'Diabetes'),
(33, 188, 'Heart Disease'),
(34, 188, 'Stroke'),
(35, 188, 'High cholesterol'),
(36, 188, 'High blood pressure'),
(37, 188, 'Asthma / COPD'),
(38, 188, 'Depression'),
(39, 188, 'Arthritis'),
(41, 188, 'Abnormal Thyroid'),
(42, 188, 'Pregnant'),
(43, 188, 'Other'),
(44, 187, 'Heart Disease'),
(45, 187, 'Stroke');

-- --------------------------------------------------------

--
-- Table structure for table `rating`
--

CREATE TABLE IF NOT EXISTS `rating` (
  `id` int(11) NOT NULL AUTO_INCREMENT,
  `one` int(11) NOT NULL,
  `two` int(11) NOT NULL,
  `three` int(11) NOT NULL,
  `four` int(11) NOT NULL,
  `five` int(11) NOT NULL,
  PRIMARY KEY (`id`)
) ENGINE=InnoDB  DEFAULT CHARSET=latin1 AUTO_INCREMENT=2 ;

--
-- Dumping data for table `rating`
--

INSERT INTO `rating` (`id`, `one`, `two`, `three`, `four`, `five`) VALUES
(1, 1, 2, 3, 4, 5);

-- --------------------------------------------------------

--
-- Table structure for table `sessionkey`
--

CREATE TABLE IF NOT EXISTS `sessionkey` (
  `id` int(11) NOT NULL AUTO_INCREMENT,
  `p_id` int(11) NOT NULL,
  `d_id` int(11) NOT NULL,
  `session_key` varchar(50) NOT NULL,
  `appointment_id` int(11) DEFAULT NULL,
  `status` tinyint(4) NOT NULL DEFAULT '1',
  PRIMARY KEY (`id`)
) ENGINE=InnoDB  DEFAULT CHARSET=latin1 AUTO_INCREMENT=193 ;

--
-- Dumping data for table `sessionkey`
--

INSERT INTO `sessionkey` (`id`, `p_id`, `d_id`, `session_key`, `appointment_id`, `status`) VALUES
(13, 69, 81, 'ryyYoH4w0I', 46, 1),
(14, 69, 81, 'IWKoaMsRoh', 47, 1),
(15, 69, 81, 'ZHW4y1Bz3B', 41, 1),
(16, 69, 81, 'J88gIaR0bM', 41, 1),
(17, 69, 81, 'uyfR4noSLu', 51, 1),
(18, 69, 81, 'a4fwzbmb7f', 53, 1),
(19, 159, 160, '5z8TOySpRU', 54, 0),
(21, 161, 160, 'elkKO200aX', 60, 1),
(22, 161, 148, 'ZmmjyCFk0T', 63, 1),
(24, 161, 169, 'xfxdKNAZNv', 65, 0),
(26, 161, 169, 'Crlln1H8mE', 67, 1),
(27, 161, 169, '55zdjEpF3T', 68, 1),
(28, 161, 169, 'Goxjh1eF1q', 69, 1),
(29, 161, 169, '0RfcTqVadX', 70, 1),
(30, 161, 169, '132RfjFKho', 71, 0),
(32, 161, 169, 'gs0VTIx3RD', 73, 1),
(34, 161, 169, 'ZTc8IGx1ct', 75, 1),
(35, 69, 81, 'zzWjcFm95m', 77, 1),
(37, 69, 81, 'k0WRrAcSZE', 82, 0),
(39, 161, 169, 'SAQ68CGS6m', 85, 0),
(40, 161, 169, 'nu7f3cyOg2', 86, 1),
(41, 161, 176, 'US2TgPsfx8', 84, 1),
(42, 178, 177, 'HxsD1bNJDp', 90, 0),
(43, 178, 177, 'KkDzzx5YVl', 91, 1),
(44, 178, 177, 'GGoIzwR4FL', 93, 1),
(45, 178, 177, 'BPRX90QeFl', 94, 1),
(46, 161, 177, 'EukkLhbgjz', 95, 1),
(47, 178, 177, 'XoofB3GXuZ', 96, 0),
(49, 178, 177, 'KSOHpsfko3', 98, 1),
(50, 161, 169, 'woU5MbBedU', 99, 0),
(51, 161, 169, 'y1b08vNuVq', 100, 1),
(52, 178, 177, 'J6suG4PYSa', 101, 0),
(53, 178, 177, 'FKxqiMQctz', 102, 0),
(54, 178, 177, 'b12UTYpl7Z', 103, 1),
(55, 178, 177, 'fJXXTX6s3T', 104, 1),
(56, 178, 177, '5tFqqtX6tl', 105, 0),
(57, 178, 177, '2BZcNKJd7a', 106, 1),
(58, 178, 177, 'pssPdO8It0', 107, 1),
(59, 178, 177, 'uNbG0f8hCH', 108, 0),
(60, 178, 177, 'eugfso9Miq', 109, 0),
(61, 178, 177, 'lf0GK6O4d4', 110, 0),
(62, 178, 177, 'Y51qKYpUwj', 111, 0),
(63, 178, 177, 'vHHPBB1OKk', 112, 0),
(64, 178, 177, 'QIGEGIs9YE', 113, 1),
(65, 178, 177, 'AgIdpe308P', 114, 0),
(66, 178, 177, 'HMPOEWsYeD', 115, 0),
(67, 178, 177, 'up9cbu8kGE', 116, 0),
(68, 178, 177, 'Y7g1HHgYQ3', 117, 0),
(69, 178, 177, 'Ofegveir7V', 118, 1),
(70, 178, 177, 'EuW5VgO7ok', 119, 0),
(72, 181, 182, 'VPAsbLM9ER', 122, 0),
(73, 181, 182, 'viQlwb3qEf', 123, 0),
(74, 181, 182, 'At8l7UkQ4E', 124, 0),
(75, 181, 182, 'EnWsISOtnH', 125, 0),
(76, 181, 182, 'VMziFxXjQA', 126, 1),
(77, 181, 182, 'mDxie0uFzc', 127, 0),
(78, 181, 182, 'wdrT7Oa81u', 128, 1),
(79, 181, 182, 'lTkFZRdxC5', 129, 0),
(80, 181, 182, 'JzVxsHMD7i', 130, 0),
(81, 181, 182, 'FpGt4oCWVb', 131, 0),
(82, 181, 182, 'XpHmZQvSuJ', 132, 1),
(84, 178, 177, 'hnD8FakrB4', 134, 1),
(85, 178, 177, 'R7uzFlHTwo', 135, 0),
(86, 178, 177, 'rWAD6QL1nw', 136, 0),
(90, 178, 177, 'ARHOoDaBqj', 140, 0),
(97, 178, 177, 'WnB188U4jN', 147, 0),
(102, 178, 177, 'k7sa190J3F', 152, 0),
(103, 178, 177, 'GRV6RSxMBu', 153, 1),
(104, 178, 177, 'IFJfkixHOP', 154, 1),
(105, 161, 169, 'Sm2i1gPqKT', 157, 0),
(107, 161, 184, 'jQbTzBYKEY', 159, 0),
(108, 161, 184, '2MzmQZBfGI', 160, 1),
(109, 183, 177, 'wGARSjjdeC', 161, 1),
(112, 161, 184, 'klfeQEHs7Q', 156, 1),
(113, 178, 177, 'GvgZ8L4dYV', 163, 1),
(114, 178, 177, 'B09ZKfHvE6', 164, 1),
(116, 178, 177, '14Odez8xQS', 168, 0),
(117, 178, 177, 'tikxUb231B', 169, 1),
(118, 178, 177, 'bGUcUyTLlo', 170, 0),
(119, 178, 177, 'i7vfyWu3bU', 171, 0),
(120, 178, 177, 'DuIjU0gMTw', 172, 0),
(122, 187, 186, 'HNQ0jEBrZI', 176, 1),
(123, 187, 184, 'Y6XxJwbANg', 177, 1),
(124, 187, 186, 'kuq8Hr1TS5', 178, 1),
(127, 187, 186, 'or4PdrglvT', 181, 1),
(131, 187, 186, '3J7uqOiEqK', 187, 1),
(133, 187, 186, 'Ey8Zd72QuS', 189, 1),
(134, 187, 186, 'XNs4m9SwCn', 190, 1),
(136, 187, 186, 'ew8GOE2RJd', 192, 1),
(137, 188, 186, '0xk3Sd5YjE', 194, 1),
(138, 188, 186, 'nfG6I3Li4Y', 207, 1),
(139, 188, 186, 'LwKeo1mnED', 208, 1),
(140, 188, 186, 'OPlf1zePmM', 209, 1),
(141, 161, 169, 'rRaHqPtang', 210, 1),
(143, 198, 184, '5PCnoUtagR', 212, 1),
(144, 161, 177, 'NEUHbDaEql', 213, 1),
(145, 161, 177, 'ZGQy3Xdctk', 214, 1),
(146, 161, 177, 'Y66eCOYzpA', 216, 1),
(147, 161, 177, 'pbHsLsm4Ix', 218, 1),
(148, 177, 177, 'imw5bDuUJK', 220, 1),
(149, 161, 177, 'kZSKPnXwQ9', 215, 1),
(150, 177, 177, '6bjGwNPSlW', 219, 1),
(151, 161, 177, 'eJr5JHOvqQ', 221, 1),
(152, 161, 177, 'CblaxX8Koa', 217, 1),
(155, 161, 177, 'TkgYkXdUSA', 228, 0),
(156, 161, 177, '5UUcAW9Sl7', 229, 1),
(157, 177, 177, 'ucGRMqWvJH', 222, 1),
(158, 161, 200, 'NvPJha4ook', 231, 0),
(159, 161, 177, 'tioyY9iSgr', 232, 0),
(160, 161, 200, 'IKQAOSbVqi', 233, 1),
(161, 161, 200, 'N13KjIdHhs', 234, 1),
(162, 161, 177, 'PeeVRmk2LH', 230, 1),
(163, 161, 177, 'TObo4Auu3Z', 224, 1),
(164, 177, 177, 'vsS5iRMk8Q', 223, 1),
(168, 161, 177, 'hl0CQWxzs8', 238, 1),
(169, 161, 177, 'xKheNUH4Zj', 239, 1),
(172, 201, 177, 'NjZMViutQ6', 242, 1),
(173, 201, 177, 'dV5Ld1MvG1', 243, 0),
(175, 201, 177, 'JiK0Opj23j', 245, 0),
(176, 201, 177, 'gJzLZHg591', 246, 0),
(177, 201, 177, 'osbkO0gxW8', 247, 0),
(178, 201, 177, '30Ci6pyvkd', 248, 0),
(184, 161, 184, 'b6zAvHH2pe', 254, 0),
(187, 161, 184, 'FXBynH8IMG', 257, 1),
(188, 161, 169, 'xXX0bsgWQs', 258, 1),
(189, 161, 169, 'y12LdWfOpT', 259, 1),
(190, 161, 184, 'vMnrZhDYcJ', 260, 1),
(191, 201, 177, 'upp1DTlueE', 261, 0),
(192, 161, 177, 'JqECUFb39h', 226, 1);

-- --------------------------------------------------------

--
-- Table structure for table `timing`
--

CREATE TABLE IF NOT EXISTS `timing` (
  `id` int(11) NOT NULL AUTO_INCREMENT,
  `day_id` int(3) DEFAULT NULL,
  `start_time` time NOT NULL,
  `end_time` time NOT NULL,
  `user_id` int(11) NOT NULL,
  `status` tinyint(1) NOT NULL DEFAULT '0',
  PRIMARY KEY (`id`)
) ENGINE=InnoDB  DEFAULT CHARSET=latin1 AUTO_INCREMENT=238 ;

--
-- Dumping data for table `timing`
--

INSERT INTO `timing` (`id`, `day_id`, `start_time`, `end_time`, `user_id`, `status`) VALUES
(1, 4, '00:00:07', '00:00:09', 125, 1),
(2, 1, '01:00:00', '01:00:00', 126, 1),
(4, 2, '01:00:00', '01:00:00', 128, 1),
(5, NULL, '01:00:00', '01:00:00', 129, 1),
(6, NULL, '00:00:00', '00:00:00', 130, 1),
(7, NULL, '00:00:01', '00:00:01', 130, 1),
(8, NULL, '00:00:00', '00:00:00', 131, 1),
(9, NULL, '00:00:01', '00:00:01', 131, 1),
(10, NULL, '13:00:00', '18:00:00', 132, 1),
(11, NULL, '21:00:00', '23:00:00', 132, 1),
(12, 1, '17:00:00', '18:00:00', 133, 1),
(13, 1, '20:00:00', '22:00:00', 133, 1),
(14, NULL, '08:00:00', '09:00:00', 134, 1),
(15, 1, '06:00:00', '08:00:00', 135, 1),
(16, 1, '06:00:00', '08:00:00', 135, 1),
(17, 1, '15:00:00', '17:00:00', 136, 1),
(18, 6, '04:00:00', '07:00:00', 136, 1),
(19, 6, '04:00:00', '07:00:00', 136, 1),
(20, 1, '04:00:00', '07:00:00', 136, 1),
(21, 3, '02:00:00', '04:00:00', 138, 1),
(22, 1, '02:00:00', '04:00:00', 139, 1),
(23, 4, '14:00:00', '16:00:00', 140, 1),
(24, 4, '14:00:00', '16:00:00', 141, 1),
(25, 1, '18:00:00', '19:00:00', 141, 1),
(26, 5, '01:00:00', '03:00:00', 142, 1),
(27, 5, '03:00:00', '06:00:00', 143, 1),
(28, 1, '15:00:00', '17:00:00', 144, 1),
(29, 5, '01:00:00', '03:00:00', 145, 1),
(30, 1, '02:00:00', '06:00:00', 146, 1),
(31, 3, '02:00:00', '07:00:00', 147, 1),
(32, 1, '01:00:00', '03:00:00', 148, 1),
(33, 1, '01:00:00', '03:00:00', 151, 1),
(34, 1, '04:00:00', '05:00:00', 151, 1),
(35, 1, '10:00:00', '12:00:00', 154, 1),
(36, 1, '16:00:00', '22:00:00', 154, 1),
(37, 1, '15:00:00', '23:00:00', 156, 1),
(38, 1, '01:00:00', '04:00:00', 157, 1),
(40, 1, '01:00:00', '17:00:00', 165, 1),
(46, 1, '02:00:00', '04:00:00', 158, 1),
(47, 1, '16:00:00', '20:00:00', 160, 1),
(49, 1, '16:00:00', '19:00:00', 168, 1),
(50, 1, '14:00:00', '17:00:00', 170, 1),
(51, 1, '14:00:00', '17:00:00', 171, 1),
(52, 2, '14:00:00', '17:00:00', 172, 1),
(53, 1, '13:00:00', '23:00:00', 81, 1),
(54, 1, '02:00:00', '08:00:00', 173, 1),
(55, 6, '18:00:00', '20:00:00', 174, 1),
(56, 6, '01:00:00', '03:00:00', 175, 1),
(57, 1, '14:00:00', '18:00:00', 175, 1),
(58, 1, '01:00:00', '21:00:00', 176, 1),
(59, 2, '10:00:00', '20:00:00', 177, 1),
(60, 2, '10:00:00', '12:00:00', 179, 1),
(62, 1, '02:00:00', '02:00:00', 179, 1),
(63, 1, '01:00:00', '12:00:00', 182, 1),
(64, 1, '01:00:00', '12:00:00', 184, 1),
(65, 1, '07:00:00', '14:00:00', 169, 1),
(66, 1, '04:00:00', '06:00:00', 169, 1),
(69, 1, '09:00:00', '12:00:00', 185, 1),
(70, 1, '04:00:00', '09:00:00', 189, 1),
(71, 1, '04:00:00', '09:00:00', 190, 1),
(72, 1, '20:00:00', '22:00:00', 190, 1),
(81, 1, '15:00:00', '15:00:00', 191, 1),
(82, 1, '07:00:00', '17:00:00', 186, 1),
(83, 1, '07:00:00', '17:00:00', 186, 1),
(84, 1, '09:00:00', '16:00:00', 194, 1),
(86, 1, '09:00:00', '16:00:00', 194, 1),
(87, 1, '01:00:00', '12:00:00', 196, 1),
(88, 1, '09:00:00', '12:00:00', 197, 1),
(90, 1, '16:00:00', '17:00:00', 195, 1),
(91, 1, '00:00:00', '00:00:00', 200, 1),
(92, 1, '09:00:00', '11:00:00', 204, 1),
(93, 4, '19:00:00', '20:00:00', 204, 1),
(94, 4, '10:00:00', '16:00:00', 204, 1),
(95, 1, '14:00:00', '15:00:00', 197, 1),
(96, 2, '01:00:00', '01:00:00', 126, 1),
(97, 5, '01:00:00', '01:00:00', 126, 1),
(98, 2, '17:00:00', '18:00:00', 133, 1),
(99, 3, '17:00:00', '18:00:00', 133, 1),
(100, 2, '20:00:00', '22:00:00', 133, 1),
(101, 3, '20:00:00', '22:00:00', 133, 1),
(102, 2, '06:00:00', '08:00:00', 135, 1),
(103, 5, '15:00:00', '17:00:00', 136, 1),
(104, 6, '15:00:00', '17:00:00', 136, 1),
(105, 5, '04:00:00', '07:00:00', 136, 1),
(106, 6, '04:00:00', '07:00:00', 136, 1),
(107, 3, '02:00:00', '04:00:00', 138, 1),
(108, 4, '02:00:00', '04:00:00', 139, 1),
(109, 5, '02:00:00', '04:00:00', 139, 1),
(110, 3, '14:00:00', '16:00:00', 140, 1),
(111, 5, '14:00:00', '16:00:00', 141, 1),
(112, 5, '18:00:00', '19:00:00', 141, 1),
(113, 3, '01:00:00', '03:00:00', 142, 1),
(114, 7, '03:00:00', '06:00:00', 143, 1),
(115, 7, '15:00:00', '17:00:00', 144, 1),
(116, 3, '01:00:00', '03:00:00', 145, 1),
(117, 4, '01:00:00', '03:00:00', 145, 1),
(118, 7, '02:00:00', '06:00:00', 146, 1),
(119, 3, '02:00:00', '07:00:00', 147, 1),
(120, 5, '01:00:00', '03:00:00', 148, 1),
(121, 6, '01:00:00', '03:00:00', 148, 1),
(122, 3, '01:00:00', '03:00:00', 151, 1),
(123, 3, '04:00:00', '05:00:00', 151, 1),
(124, 2, '10:00:00', '12:00:00', 154, 1),
(125, 3, '10:00:00', '12:00:00', 154, 1),
(126, 5, '10:00:00', '12:00:00', 154, 1),
(127, 6, '10:00:00', '12:00:00', 154, 1),
(128, 7, '10:00:00', '12:00:00', 154, 1),
(129, 2, '16:00:00', '22:00:00', 154, 1),
(130, 3, '16:00:00', '22:00:00', 154, 1),
(131, 5, '16:00:00', '22:00:00', 154, 1),
(132, 6, '16:00:00', '22:00:00', 154, 1),
(133, 7, '16:00:00', '22:00:00', 154, 1),
(134, 2, '15:00:00', '23:00:00', 156, 1),
(135, 3, '15:00:00', '23:00:00', 156, 1),
(136, 4, '15:00:00', '23:00:00', 156, 1),
(137, 5, '15:00:00', '23:00:00', 156, 1),
(138, 7, '15:00:00', '23:00:00', 156, 1),
(139, 3, '01:00:00', '04:00:00', 157, 1),
(140, 2, '02:00:00', '04:00:00', 158, 1),
(141, 4, '02:00:00', '04:00:00', 158, 1),
(142, 2, '16:00:00', '20:00:00', 160, 1),
(143, 2, '16:00:00', '19:00:00', 168, 1),
(144, 3, '16:00:00', '19:00:00', 168, 1),
(145, 2, '14:00:00', '17:00:00', 170, 1),
(146, 2, '14:00:00', '17:00:00', 171, 1),
(147, 2, '14:00:00', '17:00:00', 172, 1),
(148, 3, '13:00:00', '23:00:00', 81, 1),
(149, 5, '13:00:00', '23:00:00', 81, 1),
(150, 3, '02:00:00', '08:00:00', 173, 1),
(151, 2, '18:00:00', '20:00:00', 174, 1),
(152, 3, '18:00:00', '20:00:00', 174, 1),
(153, 7, '01:00:00', '03:00:00', 175, 1),
(154, 7, '14:00:00', '18:00:00', 175, 1),
(155, 2, '01:00:00', '21:00:00', 176, 1),
(156, 3, '01:00:00', '21:00:00', 176, 1),
(157, 4, '01:00:00', '21:00:00', 176, 1),
(158, 2, '10:00:00', '20:00:00', 177, 1),
(159, 3, '10:00:00', '20:00:00', 177, 1),
(160, 4, '10:00:00', '20:00:00', 177, 1),
(161, 5, '10:00:00', '20:00:00', 177, 1),
(162, 3, '10:00:00', '12:00:00', 179, 1),
(163, 4, '10:00:00', '12:00:00', 179, 1),
(164, 3, '02:00:00', '02:00:00', 179, 1),
(165, 4, '02:00:00', '02:00:00', 179, 1),
(166, 2, '01:00:00', '12:00:00', 182, 1),
(167, 3, '01:00:00', '12:00:00', 182, 1),
(168, 4, '01:00:00', '12:00:00', 182, 1),
(169, 5, '01:00:00', '12:00:00', 182, 1),
(170, 6, '01:00:00', '12:00:00', 182, 1),
(171, 7, '01:00:00', '12:00:00', 182, 1),
(172, 2, '01:00:00', '12:00:00', 184, 1),
(173, 3, '01:00:00', '12:00:00', 184, 1),
(174, 4, '01:00:00', '12:00:00', 184, 1),
(175, 5, '01:00:00', '12:00:00', 184, 1),
(176, 6, '01:00:00', '12:00:00', 184, 1),
(177, 7, '01:00:00', '12:00:00', 184, 1),
(178, 2, '07:00:00', '14:00:00', 169, 1),
(179, 3, '07:00:00', '14:00:00', 169, 1),
(180, 4, '07:00:00', '14:00:00', 169, 1),
(181, 5, '07:00:00', '14:00:00', 169, 1),
(182, 2, '04:00:00', '06:00:00', 169, 1),
(183, 3, '04:00:00', '06:00:00', 169, 1),
(184, 4, '04:00:00', '06:00:00', 169, 1),
(185, 5, '04:00:00', '06:00:00', 169, 1),
(186, 5, '09:00:00', '12:00:00', 185, 1),
(187, 7, '09:00:00', '12:00:00', 185, 1),
(188, 2, '04:00:00', '09:00:00', 189, 1),
(189, 3, '04:00:00', '09:00:00', 189, 1),
(190, 4, '04:00:00', '09:00:00', 189, 1),
(191, 5, '04:00:00', '09:00:00', 189, 1),
(192, 6, '04:00:00', '09:00:00', 189, 1),
(193, 7, '04:00:00', '09:00:00', 189, 1),
(194, 2, '04:00:00', '09:00:00', 190, 1),
(195, 5, '04:00:00', '09:00:00', 190, 1),
(196, 6, '04:00:00', '09:00:00', 190, 1),
(197, 2, '20:00:00', '22:00:00', 190, 1),
(198, 5, '20:00:00', '22:00:00', 190, 1),
(199, 6, '20:00:00', '22:00:00', 190, 1),
(200, 2, '15:00:00', '15:00:00', 191, 1),
(201, 6, '15:00:00', '15:00:00', 191, 1),
(202, 7, '15:00:00', '15:00:00', 191, 1),
(203, 2, '07:00:00', '17:00:00', 186, 1),
(204, 3, '07:00:00', '17:00:00', 186, 1),
(205, 4, '07:00:00', '17:00:00', 186, 1),
(206, 5, '07:00:00', '17:00:00', 186, 1),
(207, 6, '07:00:00', '17:00:00', 186, 1),
(208, 7, '07:00:00', '17:00:00', 186, 1),
(209, 2, '07:00:00', '17:00:00', 186, 1),
(210, 3, '07:00:00', '17:00:00', 186, 1),
(211, 4, '07:00:00', '17:00:00', 186, 1),
(212, 5, '07:00:00', '17:00:00', 186, 1),
(213, 6, '07:00:00', '17:00:00', 186, 1),
(214, 7, '07:00:00', '17:00:00', 186, 1),
(215, 2, '09:00:00', '16:00:00', 194, 1),
(216, 3, '09:00:00', '16:00:00', 194, 1),
(217, 4, '09:00:00', '16:00:00', 194, 1),
(218, 5, '09:00:00', '16:00:00', 194, 1),
(219, 2, '09:00:00', '16:00:00', 194, 1),
(220, 3, '09:00:00', '16:00:00', 194, 1),
(221, 4, '09:00:00', '16:00:00', 194, 1),
(222, 5, '09:00:00', '16:00:00', 194, 1),
(223, 2, '16:00:00', '17:00:00', 195, 1),
(224, 3, '16:00:00', '17:00:00', 195, 1),
(225, 4, '16:00:00', '17:00:00', 195, 1),
(226, 5, '16:00:00', '17:00:00', 195, 1),
(227, 6, '16:00:00', '17:00:00', 195, 1),
(228, 7, '16:00:00', '17:00:00', 195, 1),
(229, 2, '00:00:00', '00:00:00', 200, 1),
(230, 3, '00:00:00', '00:00:00', 200, 1),
(231, 4, '00:00:00', '00:00:00', 200, 1),
(232, 5, '00:00:00', '00:00:00', 200, 1),
(233, 6, '00:00:00', '00:00:00', 200, 1),
(234, 7, '00:00:00', '00:00:00', 200, 1),
(235, 2, '16:00:00', '19:00:00', 203, 1),
(236, 3, '16:00:00', '19:00:00', 203, 1),
(237, 1, '22:00:00', '24:00:00', 160, 1);

-- --------------------------------------------------------

--
-- Table structure for table `users`
--

CREATE TABLE IF NOT EXISTS `users` (
  `id` int(11) NOT NULL AUTO_INCREMENT,
  `fname` varchar(50) NOT NULL,
  `sname` varchar(50) NOT NULL,
  `role` int(11) NOT NULL COMMENT '1=> admin 2=>patient 3=>doctor',
  `email` varchar(255) NOT NULL,
  `re_email` varchar(255) DEFAULT NULL,
  `phone` varchar(30) NOT NULL,
  `contact_number` int(30) DEFAULT NULL,
  `password` varchar(50) NOT NULL,
  `dob` date DEFAULT NULL,
  `gender` varchar(10) DEFAULT NULL,
  `address` text,
  `p_address` text,
  `p_city` varchar(255) DEFAULT NULL,
  `p_province` varchar(255) DEFAULT NULL,
  `sameasres` enum('1','0') NOT NULL COMMENT '1 : Both are same, 0 :  Diff',
  `city` varchar(50) DEFAULT NULL,
  `province` varchar(255) DEFAULT NULL,
  `country` varchar(50) DEFAULT NULL,
  `zip` varchar(50) DEFAULT NULL,
  `status` int(11) NOT NULL DEFAULT '0',
  `job_title` varchar(30) DEFAULT NULL,
  `company_employed` varchar(100) DEFAULT NULL,
  `next_of_kin` varchar(50) DEFAULT NULL,
  `medical_aid` varchar(50) DEFAULT NULL,
  `profile_pic` varchar(512) DEFAULT NULL,
  PRIMARY KEY (`id`)
) ENGINE=InnoDB  DEFAULT CHARSET=latin1 AUTO_INCREMENT=205 ;

--
-- Dumping data for table `users`
--

INSERT INTO `users` (`id`, `fname`, `sname`, `role`, `email`, `re_email`, `phone`, `contact_number`, `password`, `dob`, `gender`, `address`, `p_address`, `p_city`, `p_province`, `sameasres`, `city`, `province`, `country`, `zip`, `status`, `job_title`, `company_employed`, `next_of_kin`, `medical_aid`, `profile_pic`) VALUES
(68, 'Admin', 'Lante', 1, 'admin@gmail.com', '', '01111111111', 0, '202cb962ac59075b964b07152d234b70', '1982-08-18', 'male', '', '', NULL, NULL, '1', '', NULL, '', '', 1, '', '', '', '', ''),
(69, 'Akif', 'Rehmani', 2, 'akif00@yahoo.com', '', '123', 573746373, '202cb962ac59075b964b07152d234b70', '2000-10-30', 'male', 'Gulshan', 'Postal', NULL, NULL, '1', '', NULL, '', '', 1, 'Job', 'Company', 'aa', 'NO', 'FM161005-2_327x491.jpg'),
(82, 'test', 'test', 3, 'testing@test.com', '', '45845454', 0, '202cb962ac59075b964b07152d234b70', '1980-01-01', 'female', '', '', NULL, NULL, '1', '', NULL, '', '', 1, '', '', '', '', ''),
(159, 'Faraz', 'Khan', 2, 'faraazhameed1990@gmail.com', '', '123123123', 1123123123, '202cb962ac59075b964b07152d234b70', '1990-01-14', 'male', 'ASD 45/D Road 2 NYC', '1231234 asdasdlk asdlkasd', NULL, NULL, '1', '', NULL, '', '', 1, 'Designer', 'Smaztech', 'Wife', 'none', 'wl1.jpg'),
(160, 'Saad', 'Siddiqui', 3, 'sasid2005@gmail.com', '', '12412423', 0, '202cb962ac59075b964b07152d234b70', '0000-00-00', 'male', 'asdasd', '', NULL, NULL, '1', '', NULL, '', '', 1, '', '', '', '', ''),
(161, 'lante', 'luthuli', 2, 'lante007@gmail.com', '', '0814943255', 0, '202cb962ac59075b964b07152d234b70', '1982-08-01', 'male', 'add ', 'P1', '', '', '', '', '', '', '', 1, 'manager', 'disc', 'me ', 'No', 'nelson-mandela-quotes-nelson-mandela.jpg'),
(168, 'Aamir', 'Ahmed', 3, 'aamir.ahmed.dev@gmail.com', '', '3423453657', 0, '202cb962ac59075b964b07152d234b70', NULL, 'male', NULL, NULL, NULL, NULL, '1', NULL, NULL, NULL, NULL, 0, NULL, NULL, NULL, NULL, ''),
(169, 'Ishe', 'Mudzengi', 3, 'ishemudzengi@gmail.com', '', '0743749092', 0, '202cb962ac59075b964b07152d234b70', NULL, 'male', '', NULL, NULL, NULL, '1', '', '', NULL, NULL, 1, NULL, NULL, NULL, NULL, ''),
(172, 'Rehan', 'Khan', 3, 'khan@gmail.com', NULL, '123', NULL, '202cb962ac59075b964b07152d234b70', NULL, NULL, 'Guldhan', NULL, NULL, NULL, '1', NULL, NULL, NULL, NULL, 1, NULL, NULL, NULL, NULL, NULL),
(173, 'Parveen', 'Ahmed', 3, 'ahmed@gmail.com', NULL, '123', NULL, '202cb962ac59075b964b07152d234b70', NULL, 'female', 'B-20 Block5', NULL, NULL, NULL, '1', NULL, NULL, NULL, NULL, 1, NULL, NULL, NULL, NULL, NULL),
(174, 'Hashim', 'Amla', 3, 'hashim@gmail.com', NULL, '123', NULL, '202cb962ac59075b964b07152d234b70', NULL, NULL, NULL, NULL, NULL, NULL, '1', NULL, NULL, NULL, NULL, 0, NULL, NULL, NULL, NULL, NULL),
(175, 'Iftikhar', 'Ahmed', 3, 'aa@gmail.com', NULL, '123', NULL, '202cb962ac59075b964b07152d234b70', NULL, NULL, 'ABC\r\nTown\r\nStreet', NULL, NULL, NULL, '1', NULL, NULL, NULL, NULL, 2, NULL, NULL, NULL, NULL, NULL),
(176, 'LanteDoc', 'LanteDoc', 3, 'emmannuel@lanteotc.co.za', NULL, 'emmanuel@lanteotc.co.za', NULL, '202cb962ac59075b964b07152d234b70', NULL, NULL, NULL, NULL, NULL, NULL, '1', NULL, NULL, NULL, NULL, 2, NULL, NULL, NULL, NULL, NULL),
(177, 'barry', 'P', 3, 'production.h@intuz.com', NULL, '9727766729', NULL, '202cb962ac59075b964b07152d234b70', NULL, 'male', 'Mumbai', NULL, NULL, NULL, '1', 'Mum', '', NULL, NULL, 1, NULL, NULL, NULL, NULL, NULL),
(178, 'Saul', 'S.', 2, 'production.i@intuz.com', NULL, '9876543210', NULL, '202cb962ac59075b964b07152d234b70', '1989-01-18', 'male', '304', '304', 'California', 'burbank', '', 'California', 'burbank', NULL, NULL, 1, NULL, NULL, NULL, NULL, '128_(1).jpg'),
(179, 'Nathalie', 'Mat', 3, 'nathalie@nathaliemat.co.za', NULL, '0114427277', NULL, '202cb962ac59075b964b07152d234b70', NULL, NULL, NULL, NULL, NULL, NULL, '1', NULL, NULL, NULL, NULL, 0, NULL, NULL, NULL, NULL, NULL),
(180, 'Will', 'Peter', 2, 'production.b@intuz.com', NULL, '123456', NULL, '202cb962ac59075b964b07152d234b70', '2000-01-01', 'male', NULL, NULL, NULL, NULL, '1', NULL, NULL, NULL, NULL, 1, NULL, NULL, NULL, NULL, NULL),
(181, 'Dav', 'thom', 2, 'testprojdev@gmail.com', NULL, '85412521412', NULL, '202cb962ac59075b964b07152d234b70', '1989-04-26', 'female', NULL, NULL, NULL, NULL, '1', NULL, NULL, NULL, NULL, 1, NULL, NULL, NULL, NULL, NULL),
(182, 'Dr', 'James', 3, 'test.mfma@gmail.com', NULL, '5214125212', NULL, '202cb962ac59075b964b07152d234b70', NULL, NULL, NULL, NULL, NULL, NULL, '1', NULL, NULL, NULL, NULL, 1, NULL, NULL, NULL, NULL, NULL),
(183, 'shalin', 'n', 2, 'shalin.n1@virtualveb.com', NULL, '9876543100', NULL, '202cb962ac59075b964b07152d234b70', '0000-00-00', 'male', NULL, NULL, NULL, NULL, '1', NULL, NULL, NULL, NULL, 1, NULL, NULL, NULL, NULL, NULL),
(184, 'Emma', 'Luthuli', 3, 'emmanuel@lanteotc.co.za', NULL, '0814943255', NULL, '202cb962ac59075b964b07152d234b70', NULL, 'male', 'cC', NULL, NULL, NULL, '1', 'DSC', '', NULL, NULL, 1, NULL, NULL, NULL, NULL, NULL),
(185, 'Dev', 'Parker', 3, 'abc@gmail.com', NULL, '9876543210', NULL, '202cb962ac59075b964b07152d234b70', NULL, NULL, NULL, NULL, NULL, NULL, '1', NULL, NULL, NULL, NULL, 0, NULL, NULL, NULL, NULL, NULL),
(186, 'testAASD', 'testAASD', 3, 'mussam@lanteotc.co.za', NULL, '0844105500', NULL, '202cb962ac59075b964b07152d234b70', NULL, 'male', '1092 Pretorius Street', NULL, NULL, NULL, '1', 'Pretoria', 'Gauteng', NULL, NULL, 1, NULL, NULL, NULL, NULL, NULL),
(187, 'Joe', 'Mussa', 2, 'mpelepelemussa@gmail.com', NULL, '0849409633', NULL, '202cb962ac59075b964b07152d234b70', '1990-12-31', 'male', NULL, NULL, NULL, NULL, '1', NULL, NULL, NULL, NULL, 1, 'ASDFDFSA', 'SADFDSFDDSA', 'FDSFADSFDA', 'No', NULL),
(188, 'Platform', 'User', 2, 'keam@lanteotc.co.za', NULL, '0844105500', NULL, '202cb962ac59075b964b07152d234b70', '1993-02-28', 'female', '28 7th Avenue, Mayfair', '28 7th Avenue, Mayfair', 'Johannesburg', 'Gauteng', '1', 'Johannesburg', 'Gauteng', NULL, NULL, 1, '2215', '12315', 'Consanguinity User', 'No', NULL),
(189, 'Mussa ', 'Mpelepele', 3, 'mpelelemussa@gmail.com', NULL, '0844105500', NULL, '202cb962ac59075b964b07152d234b70', NULL, 'male', 'ssddd', NULL, NULL, NULL, '1', 'cdwc', 'Gauteng', NULL, NULL, 2, NULL, NULL, NULL, NULL, NULL),
(190, '78923092310', '34809349340', 3, 'mussampelepele@ymail.com', NULL, '0844105500', NULL, '202cb962ac59075b964b07152d234b70', NULL, NULL, NULL, NULL, NULL, NULL, '1', NULL, NULL, NULL, NULL, 0, NULL, NULL, NULL, NULL, NULL),
(191, 'dmewfknfrefnp90809182309823', '123181238093120u9eu9r', 3, 'info@bursarynetwork.com', NULL, 'adfjkjfklfjkl', NULL, '202cb962ac59075b964b07152d234b70', NULL, NULL, NULL, NULL, NULL, NULL, '1', NULL, NULL, NULL, NULL, 0, NULL, NULL, NULL, NULL, NULL),
(192, 'Mussa', 'Mpelepele', 2, 'mussa.salifu@yahoo.com', NULL, '0844105500', NULL, '202cb962ac59075b964b07152d234b70', '1993-12-12', 'male', NULL, NULL, NULL, NULL, '1', NULL, NULL, NULL, NULL, 3, NULL, NULL, NULL, NULL, NULL),
(193, '000029292921', '3309309309', 2, 'joemussa@yahoo.com', NULL, 'mlkmscknjk', NULL, '202cb962ac59075b964b07152d234b70', '1993-08-12', 'female', NULL, NULL, NULL, NULL, '1', NULL, NULL, NULL, NULL, 3, NULL, NULL, NULL, NULL, NULL),
(194, 'Prof ', 'Jerkins', 3, 'profjerkins@yahoo.com', NULL, '0849409633', NULL, '202cb962ac59075b964b07152d234b70', NULL, NULL, NULL, NULL, NULL, NULL, '1', NULL, NULL, NULL, NULL, 3, NULL, NULL, NULL, NULL, NULL),
(195, 'Ringo', 'Manlingozi', 3, 'dietician@yahoo.com', NULL, '0844105500', NULL, '202cb962ac59075b964b07152d234b70', NULL, NULL, '', NULL, NULL, NULL, '1', '', '', NULL, NULL, 3, NULL, NULL, NULL, NULL, NULL),
(196, 'dbjdskajfjksfsdjkfbsdjkb', 'vabjfdkvlbkdfjbdkfjvb', 3, 'mpelepelem@yahoo.com', NULL, 'sfdabjfklsfdbjaklfsbf', NULL, '202cb962ac59075b964b07152d234b70', NULL, NULL, NULL, NULL, NULL, NULL, '1', NULL, NULL, NULL, NULL, 0, NULL, NULL, NULL, NULL, NULL),
(197, 'Doctor', 'Lante', 3, 'lantei007@yahoo.com', NULL, '0814943255', NULL, '202cb962ac59075b964b07152d234b70', NULL, NULL, NULL, NULL, NULL, NULL, '1', NULL, NULL, NULL, NULL, 1, NULL, NULL, NULL, NULL, NULL),
(198, 'Yoyo', 'LaJolie', 2, 'yoyolajolie@gmail.com', NULL, '+22548487048', NULL, '202cb962ac59075b964b07152d234b70', '1982-03-19', 'female', NULL, NULL, NULL, NULL, '1', NULL, NULL, NULL, NULL, 1, NULL, NULL, NULL, NULL, NULL),
(199, 'Noah', 'Sofio', 2, 'NoahLanteOTC@gmail.com', NULL, '7876554', NULL, '202cb962ac59075b964b07152d234b70', '1932-06-13', 'male', NULL, NULL, NULL, NULL, '1', NULL, NULL, NULL, NULL, 0, NULL, NULL, NULL, NULL, NULL),
(200, 'Niv', 'j', 3, 'production.g1@intuz.com', NULL, '98765431200', NULL, '202cb962ac59075b964b07152d234b70', NULL, 'male', 'abc', NULL, NULL, NULL, '1', '', '', NULL, NULL, 1, NULL, NULL, NULL, NULL, NULL),
(201, 'Nico', 'S', 2, 'production.g@intuz.com', NULL, 'pass123', NULL, '202cb962ac59075b964b07152d234b70', '1982-03-06', 'male', NULL, NULL, NULL, NULL, '1', NULL, NULL, NULL, NULL, 1, NULL, NULL, NULL, NULL, NULL),
(202, 'Thabisile ', 'Zuma', 2, 'thabiazuma@gmail.com', NULL, '0795957044', NULL, '202cb962ac59075b964b07152d234b70', '1989-08-12', 'male', NULL, NULL, NULL, NULL, '1', NULL, NULL, NULL, NULL, 0, NULL, NULL, NULL, NULL, NULL),
(203, 'a', 'a', 3, 'akifreh@gmail.com', NULL, '11', NULL, '', NULL, NULL, NULL, NULL, NULL, NULL, '1', NULL, NULL, NULL, NULL, 0, NULL, NULL, NULL, NULL, NULL),
(204, 'Akif rehmani', 'Mohammad', 3, 'akifreh@aa.com', NULL, '111', NULL, '202cb962ac59075b964b07152d234b70', NULL, NULL, NULL, NULL, NULL, NULL, '1', NULL, NULL, NULL, NULL, 1, NULL, NULL, NULL, NULL, NULL);

-- --------------------------------------------------------

--
-- Table structure for table `user_feedback`
--

CREATE TABLE IF NOT EXISTS `user_feedback` (
  `id` int(11) NOT NULL AUTO_INCREMENT,
  `p_id` int(11) DEFAULT NULL,
  `appointment_id` int(11) DEFAULT NULL,
  `comments` text,
  `system_rating` double(3,1) DEFAULT NULL,
  PRIMARY KEY (`id`)
) ENGINE=InnoDB  DEFAULT CHARSET=latin1 AUTO_INCREMENT=47 ;

--
-- Dumping data for table `user_feedback`
--

INSERT INTO `user_feedback` (`id`, `p_id`, `appointment_id`, `comments`, `system_rating`) VALUES
(2, 69, 82, '', 0.5),
(3, 69, 83, '', 5.0),
(4, 161, 85, 'Testing the comments feature', 0.5),
(5, 178, 90, '', 0.0),
(6, 178, 108, '', 2.5),
(7, 181, 121, 'doc web cam was not working in MAC|FF\r\nCall was perfect', 2.5),
(8, 181, 122, '', 0.0),
(9, 178, 135, 'test comment.', 4.0),
(10, 161, 137, 'Testing this', 5.0),
(11, 161, 138, 'System cool ...', 1.5),
(12, 178, 141, 'Test user feedback', 4.0),
(13, 178, 142, 'test feedback from user', 5.0),
(14, 178, 143, 'Test feedback', 4.5),
(15, 178, 144, 'test commeny', 4.0),
(16, 178, 145, 'test', 0.0),
(17, 178, 148, 'test feedback', 5.0),
(18, 178, 150, 'test', 0.0),
(19, 178, 151, 'wertest', 3.5),
(20, 178, 152, 'test', 0.0),
(21, 161, 157, 'Comments on the system or Doctor?', 0.0),
(22, 161, 165, 'Rated ...', 0.0),
(23, 178, 167, 'abc', 2.5),
(24, 187, 175, '', 0.0),
(25, 187, 180, '', 3.0),
(26, 187, 182, '', 5.0),
(27, 187, 183, '', 0.5),
(28, 187, 184, '', 0.0),
(29, 187, 196, '', 5.0),
(30, 188, 198, '', 5.0),
(31, 187, 200, 'why is the doctor seeing my conversation with the Psychologist?\r\n', 0.0),
(32, 187, 201, 'asfsadf', 0.0),
(33, 187, 202, 'dsjklfdskljafd;lkfdashfah;kgfhd;jklhgfkjfhgaskfl;hjgfd;slkjgfdjkl;fghdasjk;skl;hasdk;fhsk;l\r\n', 0.0),
(34, 187, 203, 'xcvyuibjknl', 0.0),
(35, 187, 205, 'Marvel Science Stories was a U.S. pulp magazine with fifteen issues in two separate runs, both edited by Robert O. Erisman and published by Abraham and Martin Goodman. The first issue, dated August 1938, carried stories with more sexual content than was usual for the genre, including several stories by Henry Kuttner. Reader reaction was generally negative; one referred to Kuttner''s story "The Time Trap" as "trash". \r\n', 0.0),
(36, 161, 225, '', 5.0),
(37, 161, 227, 'sad', 0.0),
(38, 161, 235, '3ed', 5.0),
(39, 161, 237, 'ghkh', 0.0),
(40, 161, 241, '', 5.0),
(41, 161, 244, 'Testing \r\n', 0.0),
(42, 201, 243, '', 5.0),
(43, 161, 250, 'testinh', 5.0),
(44, 161, 251, '', 0.0),
(45, 161, 256, 'Mob to mob testing\r\n', 0.0),
(46, 201, 261, '', 0.0);

-- --------------------------------------------------------

--
-- Table structure for table `user_profile`
--

CREATE TABLE IF NOT EXISTS `user_profile` (
  `id` int(11) NOT NULL AUTO_INCREMENT,
  `user_id` int(11) NOT NULL,
  `diet` varchar(255) DEFAULT NULL,
  `height` varchar(10) DEFAULT NULL,
  `weight` varchar(10) DEFAULT NULL,
  `activity_level` tinyint(1) DEFAULT '0',
  `sport_activity` varchar(100) DEFAULT NULL,
  `alcohol` varchar(10) DEFAULT NULL,
  `smoke` varchar(10) DEFAULT NULL,
  `bmi` varchar(255) DEFAULT NULL,
  `bmr` varchar(255) DEFAULT NULL,
  `other` varchar(255) DEFAULT NULL,
  PRIMARY KEY (`id`)
) ENGINE=InnoDB  DEFAULT CHARSET=latin1 AUTO_INCREMENT=19 ;

--
-- Dumping data for table `user_profile`
--

INSERT INTO `user_profile` (`id`, `user_id`, `diet`, `height`, `weight`, `activity_level`, `sport_activity`, `alcohol`, `smoke`, `bmi`, `bmr`, `other`) VALUES
(15, 69, 'asd', '45', '12', 0, 'yui', 'no', 'no', NULL, NULL, 'asd'),
(16, 159, 'none', '5 feet 8 i', '80 Kg', 0, 'Cricket', 'no', 'no', NULL, NULL, 'none'),
(17, 178, 'Fruit Diet', '164', '80', 3, 'Cricket', 'yes', 'no', '29.74', '1806.40', 'Riding'),
(18, 188, 'I do not eat pork', '150', '50', 3, 'Squash', 'no', 'no', '22.22', '1296.90', '');

-- --------------------------------------------------------

--
-- Table structure for table `user_registration`
--

CREATE TABLE IF NOT EXISTS `user_registration` (
  `id` int(11) NOT NULL AUTO_INCREMENT,
  `user_id` int(11) NOT NULL,
  `registration_id` varchar(255) NOT NULL,
  `card_brand` varchar(50) DEFAULT NULL,
  `card_number` varchar(10) DEFAULT NULL,
  `card_expiry` date DEFAULT NULL,
  `status` tinyint(1) NOT NULL DEFAULT '1',
  PRIMARY KEY (`id`)
) ENGINE=InnoDB  DEFAULT CHARSET=latin1 AUTO_INCREMENT=15 ;

--
-- Dumping data for table `user_registration`
--

INSERT INTO `user_registration` (`id`, `user_id`, `registration_id`, `card_brand`, `card_number`, `card_expiry`, `status`) VALUES
(1, 69, '8a82944957e21c930157e75b32087dd0', 'VISA', '0000', '2019-01-25', 1),
(2, 161, '8a82944a5868ac86015878108a4908e3', 'VISA', '1111', '2020-01-01', 1),
(3, 178, '8a82944958d4c1cc0158de0c2fd72b9f', 'VISA', '1111', '2021-10-01', 1),
(4, 180, '8a82944a58f83eff0158fc09283326dc', 'VISA', '1111', '2021-01-01', 1),
(5, 181, '8a82944a59038af1015907393ab01c22', 'VISA', '1111', '2021-04-01', 1),
(6, 183, '8a82944a59038af101591bcb364624ab', 'VISA', '1111', '2021-02-01', 1),
(7, 187, '8a82944a59abc5fc0159b10e06103c22', 'VISA', '1111', '2022-12-01', 1),
(8, 188, '8a82944a59b6c81d0159b71a07300c3f', 'VISA', '1111', '2022-12-01', 1),
(9, 192, '8a82944a59d0f8d00159d4f3264d404f', 'VISA', '1111', '2022-12-01', 1),
(10, 193, '8a82944959d0d2e30159d525f6b07b89', 'VISA', '1111', '2022-12-01', 1),
(11, 198, '8a82944a5fe82704015ffe6ca8c933c4', 'VISA', '5357', '2020-05-01', 1),
(12, 199, '8a82944a60e09c550160ea606dde1b2c', 'VISA', '1437', '2019-11-01', 1),
(13, 201, '8a82944a611eb95401612c4b96265033', 'VISA', '1111', '2019-09-01', 1),
(14, 202, '8a8294496132270a0161422df57b3238', 'MASTER', '1844', '2020-03-01', 1);

/*!40101 SET CHARACTER_SET_CLIENT=@OLD_CHARACTER_SET_CLIENT */;
/*!40101 SET CHARACTER_SET_RESULTS=@OLD_CHARACTER_SET_RESULTS */;
/*!40101 SET COLLATION_CONNECTION=@OLD_COLLATION_CONNECTION */;
